/*
 Navicat Premium Data Transfer

 Source Server         : openSource
 Source Server Type    : MySQL
 Source Server Version : 50732
 Source Host           : localhost:3306
 Source Schema         : entfrm-boot2.0

 Target Server Type    : MySQL
 Target Server Version : 50732
 File Encoding         : 65001

 Date: 23/04/2021 18:12:04
*/

SET NAMES utf8mb4;
SET FOREIGN_KEY_CHECKS = 0;

-- ----------------------------
-- Table structure for act_evt_log
-- ----------------------------
DROP TABLE IF EXISTS `act_evt_log`;
CREATE TABLE `act_evt_log`  (
  `LOG_NR_` bigint(20) NOT NULL AUTO_INCREMENT,
  `TYPE_` varchar(64) CHARACTER SET utf8 COLLATE utf8_bin NULL DEFAULT NULL,
  `PROC_DEF_ID_` varchar(64) CHARACTER SET utf8 COLLATE utf8_bin NULL DEFAULT NULL,
  `PROC_INST_ID_` varchar(64) CHARACTER SET utf8 COLLATE utf8_bin NULL DEFAULT NULL,
  `EXECUTION_ID_` varchar(64) CHARACTER SET utf8 COLLATE utf8_bin NULL DEFAULT NULL,
  `TASK_ID_` varchar(64) CHARACTER SET utf8 COLLATE utf8_bin NULL DEFAULT NULL,
  `TIME_STAMP_` timestamp(3) NOT NULL DEFAULT CURRENT_TIMESTAMP(3) ON UPDATE CURRENT_TIMESTAMP(3),
  `USER_ID_` varchar(255) CHARACTER SET utf8 COLLATE utf8_bin NULL DEFAULT NULL,
  `DATA_` longblob NULL,
  `LOCK_OWNER_` varchar(255) CHARACTER SET utf8 COLLATE utf8_bin NULL DEFAULT NULL,
  `LOCK_TIME_` timestamp(3) NULL DEFAULT NULL,
  `IS_PROCESSED_` tinyint(4) NULL DEFAULT 0,
  PRIMARY KEY (`LOG_NR_`) USING BTREE
) ENGINE = InnoDB AUTO_INCREMENT = 1 CHARACTER SET = utf8 COLLATE = utf8_bin ROW_FORMAT = Dynamic;

-- ----------------------------
-- Records of act_evt_log
-- ----------------------------

-- ----------------------------
-- Table structure for act_from_activiti_engine
-- ----------------------------
DROP TABLE IF EXISTS `act_from_activiti_engine`;
CREATE TABLE `act_from_activiti_engine`  (
  `id` int(11) NOT NULL AUTO_INCREMENT COMMENT '模板编码',
  `code` varchar(100) CHARACTER SET utf8mb4 COLLATE utf8mb4_unicode_ci NOT NULL COMMENT '编码',
  `name` varchar(100) CHARACTER SET utf8mb4 COLLATE utf8mb4_unicode_ci NOT NULL COMMENT '模板名称',
  `form_conf` text CHARACTER SET utf8mb4 COLLATE utf8mb4_unicode_ci NULL COMMENT '表单配置',
  `drawing_controls` text CHARACTER SET utf8mb4 COLLATE utf8mb4_unicode_ci NULL COMMENT '渲染控件数据集合',
  `id_global` int(11) NULL DEFAULT NULL COMMENT '记录目前控件全局ID-自增长',
  `tree_node_id` text CHARACTER SET utf8mb4 COLLATE utf8mb4_unicode_ci NULL COMMENT '级联下拉树形选项局部ID-内部标识-目前实现控件独立',
  `create_by` varchar(64) CHARACTER SET utf8mb4 COLLATE utf8mb4_unicode_ci NULL DEFAULT NULL COMMENT '创建用户',
  `create_time` datetime(0) NULL DEFAULT NULL COMMENT '插件时间',
  `update_by` varchar(64) CHARACTER SET utf8mb4 COLLATE utf8mb4_unicode_ci NULL DEFAULT NULL COMMENT '修改用户\n',
  `update_time` datetime(0) NULL DEFAULT NULL COMMENT '修改时间',
  `remarks` varchar(500) CHARACTER SET utf8mb4 COLLATE utf8mb4_unicode_ci NULL DEFAULT NULL COMMENT '备注',
  PRIMARY KEY (`id`) USING BTREE
) ENGINE = InnoDB AUTO_INCREMENT = 40 CHARACTER SET = utf8mb4 COLLATE = utf8mb4_unicode_ci COMMENT = '表单扩展表' ROW_FORMAT = Dynamic;

-- ----------------------------
-- Records of act_from_activiti_engine
-- ----------------------------
INSERT INTO `act_from_activiti_engine` VALUES (39, 'form1', '工作流表单1', '{\"labelWidth\":100,\"gutter\":15,\"size\":\"medium\",\"labelPosition\":\"right\",\"disabled\":false}', '[{\"slot\":{\"prepend\":\"\",\"append\":\"\"},\"attrs\":{\"clearable\":true,\"prefix-icon\":\"\",\"readonly\":false,\"disabled\":false,\"placeholder\":\"请输入任务编号\",\"show-word-limit\":false,\"suffix-icon\":\"\"},\"style\":{\"width\":\"100%\"},\"config\":{\"formId\":101,\"defaultValue\":\"\",\"document\":\"https://element.eleme.cn/#/zh-CN/component/input\",\"label\":\"任务编号\",\"showLabel\":true,\"required\":true,\"renderKey\":\"1011619081323510\",\"layout\":\"colFormItem\",\"tagIcon\":\"input\",\"changeTag\":true,\"tag\":\"el-input\",\"regList\":[],\"span\":12,\"vModel\":\"taskId\"}},{\"slot\":{\"prepend\":\"\",\"append\":\"\"},\"attrs\":{\"clearable\":true,\"prefix-icon\":\"\",\"readonly\":false,\"disabled\":false,\"placeholder\":\"请输入任务名称\",\"show-word-limit\":false,\"suffix-icon\":\"\"},\"style\":{\"width\":\"100%\"},\"config\":{\"formId\":107,\"document\":\"https://element.eleme.cn/#/zh-CN/component/input\",\"label\":\"任务名称\",\"showLabel\":true,\"required\":true,\"renderKey\":\"1071619100867395\",\"layout\":\"colFormItem\",\"tagIcon\":\"input\",\"changeTag\":true,\"tag\":\"el-input\",\"regList\":[],\"span\":12,\"vModel\":\"taskName\"}},{\"slot\":{\"prepend\":\"\",\"append\":\"\"},\"attrs\":{\"clearable\":true,\"prefix-icon\":\"\",\"readonly\":false,\"disabled\":false,\"placeholder\":\"请输入请假类型\",\"show-word-limit\":false,\"suffix-icon\":\"\"},\"style\":{\"width\":\"100%\"},\"config\":{\"formId\":108,\"document\":\"https://element.eleme.cn/#/zh-CN/component/input\",\"label\":\"请假类型\",\"showLabel\":true,\"required\":true,\"renderKey\":\"1081619100919319\",\"layout\":\"colFormItem\",\"tagIcon\":\"input\",\"changeTag\":true,\"tag\":\"el-input\",\"regList\":[],\"span\":12,\"vModel\":\"type\"}},{\"slot\":{\"prepend\":\"\",\"append\":\"\"},\"attrs\":{\"clearable\":true,\"prefix-icon\":\"\",\"readonly\":false,\"disabled\":false,\"placeholder\":\"请输入请假人\",\"show-word-limit\":false,\"suffix-icon\":\"\"},\"style\":{\"width\":\"100%\"},\"config\":{\"formId\":109,\"document\":\"https://element.eleme.cn/#/zh-CN/component/input\",\"label\":\"请假人\",\"showLabel\":true,\"required\":true,\"renderKey\":\"1091619101011648\",\"layout\":\"colFormItem\",\"tagIcon\":\"input\",\"changeTag\":true,\"tag\":\"el-input\",\"regList\":[],\"span\":12,\"vModel\":\"userName\"}},{\"attrs\":{\"clearable\":true,\"format\":\"yyyy-MM-dd HH:mm:ss\",\"value-format\":\"yyyy-MM-dd HH:mm:ss\",\"type\":\"datetime\",\"readonly\":false,\"disabled\":false,\"placeholder\":\"请选择时间选择\"},\"style\":{\"width\":\"100%\"},\"config\":{\"formId\":111,\"document\":\"https://element.eleme.cn/#/zh-CN/component/date-picker\",\"label\":\"请假时间\",\"showLabel\":true,\"required\":true,\"renderKey\":\"1111619101026031\",\"layout\":\"colFormItem\",\"tagIcon\":\"date\",\"changeTag\":true,\"tag\":\"el-date-picker\",\"regList\":[],\"span\":12,\"vModel\":\"leaveTime\"}},{\"slot\":{\"prepend\":\"\",\"append\":\"\"},\"attrs\":{\"clearable\":true,\"prefix-icon\":\"\",\"readonly\":false,\"disabled\":false,\"placeholder\":\"请输入天数\",\"show-word-limit\":false,\"suffix-icon\":\"\"},\"style\":{\"width\":\"100%\"},\"config\":{\"formId\":110,\"document\":\"https://element.eleme.cn/#/zh-CN/component/input\",\"label\":\"天数\",\"showLabel\":true,\"required\":true,\"renderKey\":\"1101619101023571\",\"layout\":\"colFormItem\",\"tagIcon\":\"input\",\"changeTag\":true,\"tag\":\"el-input\",\"regList\":[],\"span\":12,\"vModel\":\"days\"}},{\"attrs\":{\"clearable\":true,\"format\":\"yyyy-MM-dd HH:mm:ss\",\"value-format\":\"yyyy-MM-dd HH:mm:ss\",\"type\":\"datetime\",\"readonly\":false,\"disabled\":false,\"placeholder\":\"请输入提交时间\"},\"style\":{\"width\":\"100%\"},\"config\":{\"formId\":112,\"document\":\"https://element.eleme.cn/#/zh-CN/component/date-picker\",\"label\":\"提交时间\",\"showLabel\":true,\"required\":true,\"renderKey\":\"1121619101128851\",\"layout\":\"colFormItem\",\"tagIcon\":\"date\",\"changeTag\":true,\"tag\":\"el-date-picker\",\"regList\":[],\"span\":24,\"vModel\":\"createTime\"}},{\"attrs\":{\"type\":\"textarea\",\"readonly\":false,\"disabled\":false,\"placeholder\":\"请输入请假事由\",\"show-word-limit\":false,\"autosize\":{\"minRows\":4,\"maxRows\":4}},\"style\":{\"width\":\"100%\"},\"config\":{\"formId\":113,\"document\":\"https://element.eleme.cn/#/zh-CN/component/input\",\"label\":\"请假事由\",\"showLabel\":true,\"required\":true,\"renderKey\":\"1131619101148815\",\"layout\":\"colFormItem\",\"tagIcon\":\"textarea\",\"changeTag\":true,\"tag\":\"el-input\",\"regList\":[],\"span\":24,\"vModel\":\"cause\"}}]', 120, '{}', '小狗', '2021-04-19 23:28:47', '小狗', '2021-04-22 23:21:24', NULL);

-- ----------------------------
-- Table structure for act_ge_bytearray
-- ----------------------------
DROP TABLE IF EXISTS `act_ge_bytearray`;
CREATE TABLE `act_ge_bytearray`  (
  `ID_` varchar(64) CHARACTER SET utf8 COLLATE utf8_bin NOT NULL,
  `REV_` int(11) NULL DEFAULT NULL,
  `NAME_` varchar(255) CHARACTER SET utf8 COLLATE utf8_bin NULL DEFAULT NULL,
  `DEPLOYMENT_ID_` varchar(64) CHARACTER SET utf8 COLLATE utf8_bin NULL DEFAULT NULL,
  `BYTES_` longblob NULL,
  `GENERATED_` tinyint(4) NULL DEFAULT NULL,
  PRIMARY KEY (`ID_`) USING BTREE,
  INDEX `ACT_FK_BYTEARR_DEPL`(`DEPLOYMENT_ID_`) USING BTREE,
  CONSTRAINT `ACT_FK_BYTEARR_DEPL` FOREIGN KEY (`DEPLOYMENT_ID_`) REFERENCES `act_re_deployment` (`ID_`) ON DELETE RESTRICT ON UPDATE RESTRICT
) ENGINE = InnoDB CHARACTER SET = utf8 COLLATE = utf8_bin ROW_FORMAT = Dynamic;

-- ----------------------------
-- Records of act_ge_bytearray
-- ----------------------------
INSERT INTO `act_ge_bytearray` VALUES ('2', 3, 'source', NULL, 0x7B227265736F757263654964223A2231222C2270726F70657274696573223A7B2270726F636573735F6964223A224C65617665222C226E616D65223A22E8AFB7E58187E5AE9EE4BE8B222C22646F63756D656E746174696F6E223A22222C2270726F636573735F617574686F72223A22627920656E7466726D222C2270726F636573735F76657273696F6E223A22222C2270726F636573735F6E616D657370616365223A22687474703A2F2F7777772E61637469766974692E6F72672F70726F63657373646566222C22657865637574696F6E6C697374656E657273223A22222C226576656E746C697374656E657273223A22222C227369676E616C646566696E6974696F6E73223A22222C226D657373616765646566696E6974696F6E73223A22227D2C227374656E63696C223A7B226964223A2242504D4E4469616772616D227D2C226368696C64536861706573223A5B7B227265736F757263654964223A227369642D35314544324646352D383836342D343946332D414646422D304346413343363946463943222C2270726F70657274696573223A7B226F766572726964656964223A22222C226E616D65223A22E5BC80E5A78BE4BA8BE4BBB6222C22646F63756D656E746174696F6E223A22222C22657865637574696F6E6C697374656E657273223A22222C22696E69746961746F72223A22222C22666F726D6B6579646566696E6974696F6E223A22222C22666F726D70726F70657274696573223A22227D2C227374656E63696C223A7B226964223A2253746172744E6F6E654576656E74227D2C226368696C64536861706573223A5B5D2C226F7574676F696E67223A5B7B227265736F757263654964223A227369642D39383741373230372D423735452D344138362D424145452D384245373033463237313931227D5D2C22626F756E6473223A7B226C6F7765725269676874223A7B2278223A3138302C2279223A3135337D2C2275707065724C656674223A7B2278223A3135302C2279223A3132337D7D2C22646F636B657273223A5B5D7D2C7B227265736F757263654964223A227369642D32463438433933422D343143302D344638302D394546322D443232343635313336423537222C2270726F70657274696573223A7B227461736B6C697374656E657273223A22222C226F766572726964656964223A22222C226E616D65223A22E5B08FE78B97E5AEA1E689B9222C22646F63756D656E746174696F6E223A22222C226173796E6368726F6E6F7573646566696E6974696F6E223A2266616C7365222C226578636C7573697665646566696E6974696F6E223A2266616C7365222C22657865637574696F6E6C697374656E657273223A22222C226D756C7469696E7374616E63655F74797065223A224E6F6E65222C226D756C7469696E7374616E63655F63617264696E616C697479223A22222C226D756C7469696E7374616E63655F636F6C6C656374696F6E223A22222C226D756C7469696E7374616E63655F7661726961626C65223A22222C226D756C7469696E7374616E63655F636F6E646974696F6E223A22222C226973666F72636F6D70656E736174696F6E223A2266616C7365222C22757365727461736B61737369676E6D656E74223A7B2261737369676E6D656E74223A7B2261737369676E6565223A22E5B08FE78B97227D7D2C22666F726D6B6579646566696E6974696F6E223A22666F726D31222C2264756564617465646566696E6974696F6E223A22222C227072696F72697479646566696E6974696F6E223A22222C22666F726D70726F70657274696573223A22227D2C227374656E63696C223A7B226964223A22557365725461736B227D2C226368696C64536861706573223A5B5D2C226F7574676F696E67223A5B7B227265736F757263654964223A227369642D42424237373031352D393642352D344234452D414242452D343238433939464134423930227D5D2C22626F756E6473223A7B226C6F7765725269676874223A7B2278223A3337302C2279223A3137387D2C2275707065724C656674223A7B2278223A3237302C2279223A39387D7D2C22646F636B657273223A5B5D7D2C7B227265736F757263654964223A227369642D39383741373230372D423735452D344138362D424145452D384245373033463237313931222C2270726F70657274696573223A7B226F766572726964656964223A22222C226E616D65223A22222C22646F63756D656E746174696F6E223A22222C22636F6E646974696F6E73657175656E6365666C6F77223A22222C22657865637574696F6E6C697374656E657273223A22222C2264656661756C74666C6F77223A2266616C7365227D2C227374656E63696C223A7B226964223A2253657175656E6365466C6F77227D2C226368696C64536861706573223A5B5D2C226F7574676F696E67223A5B7B227265736F757263654964223A227369642D32463438433933422D343143302D344638302D394546322D443232343635313336423537227D5D2C22626F756E6473223A7B226C6F7765725269676874223A7B2278223A3236392E333531353632352C2279223A3133387D2C2275707065724C656674223A7B2278223A3138302E35333132352C2279223A3133387D7D2C22646F636B657273223A5B7B2278223A31352C2279223A31357D2C7B2278223A35302C2279223A34307D5D2C22746172676574223A7B227265736F757263654964223A227369642D32463438433933422D343143302D344638302D394546322D443232343635313336423537227D7D2C7B227265736F757263654964223A227369642D45364437464434462D444339312D343943342D423631372D443836323236373130453042222C2270726F70657274696573223A7B227461736B6C697374656E657273223A22222C226F766572726964656964223A22222C226E616D65223A22E5B08FE58FAFE788B1E5AEA1E689B9222C22646F63756D656E746174696F6E223A22222C226173796E6368726F6E6F7573646566696E6974696F6E223A2266616C7365222C226578636C7573697665646566696E6974696F6E223A2266616C7365222C22657865637574696F6E6C697374656E657273223A22222C226D756C7469696E7374616E63655F74797065223A224E6F6E65222C226D756C7469696E7374616E63655F63617264696E616C697479223A22222C226D756C7469696E7374616E63655F636F6C6C656374696F6E223A22222C226D756C7469696E7374616E63655F7661726961626C65223A22222C226D756C7469696E7374616E63655F636F6E646974696F6E223A22222C226973666F72636F6D70656E736174696F6E223A2266616C7365222C22757365727461736B61737369676E6D656E74223A7B2261737369676E6D656E74223A7B2261737369676E6565223A22E5B08FE58FAFE788B1227D7D2C22666F726D6B6579646566696E6974696F6E223A22222C2264756564617465646566696E6974696F6E223A22222C227072696F72697479646566696E6974696F6E223A22222C22666F726D70726F70657274696573223A22227D2C227374656E63696C223A7B226964223A22557365725461736B227D2C226368696C64536861706573223A5B5D2C226F7574676F696E67223A5B7B227265736F757263654964223A227369642D35313843373738332D304531312D344645322D424145462D434643433238423541353841227D5D2C22626F756E6473223A7B226C6F7765725269676874223A7B2278223A3536302C2279223A3137387D2C2275707065724C656674223A7B2278223A3436302C2279223A39387D7D2C22646F636B657273223A5B5D7D2C7B227265736F757263654964223A227369642D42424237373031352D393642352D344234452D414242452D343238433939464134423930222C2270726F70657274696573223A7B226F766572726964656964223A22222C226E616D65223A22222C22646F63756D656E746174696F6E223A22222C22636F6E646974696F6E73657175656E6365666C6F77223A22222C22657865637574696F6E6C697374656E657273223A22222C2264656661756C74666C6F77223A2266616C7365227D2C227374656E63696C223A7B226964223A2253657175656E6365466C6F77227D2C226368696C64536861706573223A5B5D2C226F7574676F696E67223A5B7B227265736F757263654964223A227369642D45364437464434462D444339312D343943342D423631372D443836323236373130453042227D5D2C22626F756E6473223A7B226C6F7765725269676874223A7B2278223A3435392E323733343337352C2279223A3133387D2C2275707065724C656674223A7B2278223A3337302E373236353632352C2279223A3133387D7D2C22646F636B657273223A5B7B2278223A35302C2279223A34307D2C7B2278223A35302C2279223A34307D5D2C22746172676574223A7B227265736F757263654964223A227369642D45364437464434462D444339312D343943342D423631372D443836323236373130453042227D7D2C7B227265736F757263654964223A227369642D38444136344337332D434437322D343534312D383135442D353135433041334441373544222C2270726F70657274696573223A7B226F766572726964656964223A22222C226E616D65223A22E7BB93E69D9FE4BA8BE4BBB6222C22646F63756D656E746174696F6E223A22222C22657865637574696F6E6C697374656E657273223A22227D2C227374656E63696C223A7B226964223A22456E644E6F6E654576656E74227D2C226368696C64536861706573223A5B5D2C226F7574676F696E67223A5B5D2C22626F756E6473223A7B226C6F7765725269676874223A7B2278223A3637332C2279223A3135327D2C2275707065724C656674223A7B2278223A3634352C2279223A3132347D7D2C22646F636B657273223A5B5D7D2C7B227265736F757263654964223A227369642D35313843373738332D304531312D344645322D424145462D434643433238423541353841222C2270726F70657274696573223A7B226F766572726964656964223A22222C226E616D65223A22222C22646F63756D656E746174696F6E223A22222C22636F6E646974696F6E73657175656E6365666C6F77223A22222C22657865637574696F6E6C697374656E657273223A22222C2264656661756C74666C6F77223A2266616C7365227D2C227374656E63696C223A7B226964223A2253657175656E6365466C6F77227D2C226368696C64536861706573223A5B5D2C226F7574676F696E67223A5B7B227265736F757263654964223A227369642D38444136344337332D434437322D343534312D383135442D353135433041334441373544227D5D2C22626F756E6473223A7B226C6F7765725269676874223A7B2278223A3634342E30333132352C2279223A3133387D2C2275707065724C656674223A7B2278223A3536302E34373236353632352C2279223A3133387D7D2C22646F636B657273223A5B7B2278223A35302C2279223A34307D2C7B2278223A31342C2279223A31347D5D2C22746172676574223A7B227265736F757263654964223A227369642D38444136344337332D434437322D343534312D383135442D353135433041334441373544227D7D5D2C22626F756E6473223A7B226C6F7765725269676874223A7B2278223A313230302C2279223A313035307D2C2275707065724C656674223A7B2278223A302C2279223A307D7D2C227374656E63696C736574223A7B2275726C223A227374656E63696C736574732F62706D6E322E302F62706D6E322E302E6A736F6E222C226E616D657370616365223A22687474703A2F2F62336D6E2E6F72672F7374656E63696C7365742F62706D6E322E3023227D2C227373657874656E73696F6E73223A5B5D7D, NULL);
INSERT INTO `act_ge_bytearray` VALUES ('2510', 1, '请假实例.bpmn20.xml', '2509', 0x3C3F786D6C2076657273696F6E3D22312E302220656E636F64696E673D225554462D38223F3E0A3C646566696E6974696F6E7320786D6C6E733D22687474703A2F2F7777772E6F6D672E6F72672F737065632F42504D4E2F32303130303532342F4D4F44454C2220786D6C6E733A7873693D22687474703A2F2F7777772E77332E6F72672F323030312F584D4C536368656D612D696E7374616E63652220786D6C6E733A7873643D22687474703A2F2F7777772E77332E6F72672F323030312F584D4C536368656D612220786D6C6E733A61637469766974693D22687474703A2F2F61637469766974692E6F72672F62706D6E2220786D6C6E733A62706D6E64693D22687474703A2F2F7777772E6F6D672E6F72672F737065632F42504D4E2F32303130303532342F44492220786D6C6E733A6F6D6764633D22687474703A2F2F7777772E6F6D672E6F72672F737065632F44442F32303130303532342F44432220786D6C6E733A6F6D6764693D22687474703A2F2F7777772E6F6D672E6F72672F737065632F44442F32303130303532342F44492220747970654C616E67756167653D22687474703A2F2F7777772E77332E6F72672F323030312F584D4C536368656D61222065787072657373696F6E4C616E67756167653D22687474703A2F2F7777772E77332E6F72672F313939392F585061746822207461726765744E616D6573706163653D22687474703A2F2F7777772E61637469766974692E6F72672F70726F63657373646566223E0A20203C70726F636573732069643D224C6561766522206E616D653D22E8AFB7E58187E5AE9EE4BE8B2220697345786563757461626C653D2274727565223E0A202020203C73746172744576656E742069643D227369642D35314544324646352D383836342D343946332D414646422D30434641334336394646394322206E616D653D22E5BC80E5A78BE4BA8BE4BBB6223E3C2F73746172744576656E743E0A202020203C757365725461736B2069643D227369642D32463438433933422D343143302D344638302D394546322D44323234363531333642353722206E616D653D22E5B08FE78B97E5AEA1E689B9222061637469766974693A61737369676E65653D22E5B08FE78B97222061637469766974693A666F726D4B65793D22666F726D31223E3C2F757365725461736B3E0A202020203C73657175656E6365466C6F772069643D227369642D39383741373230372D423735452D344138362D424145452D3842453730334632373139312220736F757263655265663D227369642D35314544324646352D383836342D343946332D414646422D30434641334336394646394322207461726765745265663D227369642D32463438433933422D343143302D344638302D394546322D443232343635313336423537223E3C2F73657175656E6365466C6F773E0A202020203C757365725461736B2069643D227369642D45364437464434462D444339312D343943342D423631372D44383632323637313045304222206E616D653D22E5B08FE58FAFE788B1E5AEA1E689B9222061637469766974693A61737369676E65653D22E5B08FE58FAFE788B1223E3C2F757365725461736B3E0A202020203C73657175656E6365466C6F772069643D227369642D42424237373031352D393642352D344234452D414242452D3432384339394641344239302220736F757263655265663D227369642D32463438433933422D343143302D344638302D394546322D44323234363531333642353722207461726765745265663D227369642D45364437464434462D444339312D343943342D423631372D443836323236373130453042223E3C2F73657175656E6365466C6F773E0A202020203C656E644576656E742069643D227369642D38444136344337332D434437322D343534312D383135442D35313543304133444137354422206E616D653D22E7BB93E69D9FE4BA8BE4BBB6223E3C2F656E644576656E743E0A202020203C73657175656E6365466C6F772069643D227369642D35313843373738332D304531312D344645322D424145462D4346434332384235413538412220736F757263655265663D227369642D45364437464434462D444339312D343943342D423631372D44383632323637313045304222207461726765745265663D227369642D38444136344337332D434437322D343534312D383135442D353135433041334441373544223E3C2F73657175656E6365466C6F773E0A20203C2F70726F636573733E0A20203C62706D6E64693A42504D4E4469616772616D2069643D2242504D4E4469616772616D5F4C65617665223E0A202020203C62706D6E64693A42504D4E506C616E652062706D6E456C656D656E743D224C65617665222069643D2242504D4E506C616E655F4C65617665223E0A2020202020203C62706D6E64693A42504D4E53686170652062706D6E456C656D656E743D227369642D35314544324646352D383836342D343946332D414646422D304346413343363946463943222069643D2242504D4E53686170655F7369642D35314544324646352D383836342D343946332D414646422D304346413343363946463943223E0A20202020202020203C6F6D6764633A426F756E6473206865696768743D2233302E30222077696474683D2233302E302220783D223135302E302220793D223132332E30223E3C2F6F6D6764633A426F756E64733E0A2020202020203C2F62706D6E64693A42504D4E53686170653E0A2020202020203C62706D6E64693A42504D4E53686170652062706D6E456C656D656E743D227369642D32463438433933422D343143302D344638302D394546322D443232343635313336423537222069643D2242504D4E53686170655F7369642D32463438433933422D343143302D344638302D394546322D443232343635313336423537223E0A20202020202020203C6F6D6764633A426F756E6473206865696768743D2238302E30222077696474683D223130302E302220783D223237302E302220793D2239382E30223E3C2F6F6D6764633A426F756E64733E0A2020202020203C2F62706D6E64693A42504D4E53686170653E0A2020202020203C62706D6E64693A42504D4E53686170652062706D6E456C656D656E743D227369642D45364437464434462D444339312D343943342D423631372D443836323236373130453042222069643D2242504D4E53686170655F7369642D45364437464434462D444339312D343943342D423631372D443836323236373130453042223E0A20202020202020203C6F6D6764633A426F756E6473206865696768743D2238302E30222077696474683D223130302E302220783D223436302E302220793D2239382E30223E3C2F6F6D6764633A426F756E64733E0A2020202020203C2F62706D6E64693A42504D4E53686170653E0A2020202020203C62706D6E64693A42504D4E53686170652062706D6E456C656D656E743D227369642D38444136344337332D434437322D343534312D383135442D353135433041334441373544222069643D2242504D4E53686170655F7369642D38444136344337332D434437322D343534312D383135442D353135433041334441373544223E0A20202020202020203C6F6D6764633A426F756E6473206865696768743D2232382E30222077696474683D2232382E302220783D223634352E302220793D223132342E30223E3C2F6F6D6764633A426F756E64733E0A2020202020203C2F62706D6E64693A42504D4E53686170653E0A2020202020203C62706D6E64693A42504D4E456467652062706D6E456C656D656E743D227369642D39383741373230372D423735452D344138362D424145452D384245373033463237313931222069643D2242504D4E456467655F7369642D39383741373230372D423735452D344138362D424145452D384245373033463237313931223E0A20202020202020203C6F6D6764693A776179706F696E7420783D223138302E302220793D223133382E30223E3C2F6F6D6764693A776179706F696E743E0A20202020202020203C6F6D6764693A776179706F696E7420783D223237302E302220793D223133382E30223E3C2F6F6D6764693A776179706F696E743E0A2020202020203C2F62706D6E64693A42504D4E456467653E0A2020202020203C62706D6E64693A42504D4E456467652062706D6E456C656D656E743D227369642D42424237373031352D393642352D344234452D414242452D343238433939464134423930222069643D2242504D4E456467655F7369642D42424237373031352D393642352D344234452D414242452D343238433939464134423930223E0A20202020202020203C6F6D6764693A776179706F696E7420783D223337302E302220793D223133382E30223E3C2F6F6D6764693A776179706F696E743E0A20202020202020203C6F6D6764693A776179706F696E7420783D223436302E302220793D223133382E30223E3C2F6F6D6764693A776179706F696E743E0A2020202020203C2F62706D6E64693A42504D4E456467653E0A2020202020203C62706D6E64693A42504D4E456467652062706D6E456C656D656E743D227369642D35313843373738332D304531312D344645322D424145462D434643433238423541353841222069643D2242504D4E456467655F7369642D35313843373738332D304531312D344645322D424145462D434643433238423541353841223E0A20202020202020203C6F6D6764693A776179706F696E7420783D223536302E302220793D223133382E30223E3C2F6F6D6764693A776179706F696E743E0A20202020202020203C6F6D6764693A776179706F696E7420783D223634352E302220793D223133382E30223E3C2F6F6D6764693A776179706F696E743E0A2020202020203C2F62706D6E64693A42504D4E456467653E0A202020203C2F62706D6E64693A42504D4E506C616E653E0A20203C2F62706D6E64693A42504D4E4469616772616D3E0A3C2F646566696E6974696F6E733E, 0);
INSERT INTO `act_ge_bytearray` VALUES ('2511', 1, '请假实例.Leave.png', '2509', 0x89504E470D0A1A0A0000000D49484452000002AB000000BC08060000005F57E7FB00000FD14944415478DAEDDD7F8895F59E07F0A0A28D88088A08160A365AFFEEAF8DB69020222ABAD18FB19929650AA7BC69A645714D742B49FB65B51B5B21DD122F1612E6BAAED6CCA869A66C59EAB5ECEAE68FCC1F8DDB7ACD9BE3A4F9ECF339CC238FC7199D1FE7D7E8EB055F9C997366460EEF33EFEFF99EEFF33C679C010000000000000000000000000000000000000000000000000000000000000000000000000000000000000000000000000000000000000000000000000000000000000000000000000000000000000000000000000000000000000000000000000000000000000000000000000000000000000000000000000000000000000000000000000000000000000000000000000000000000000000000000000000000000000000000000000000000000000000000000000000000000000000000000000000000000000000000000000000000000000000000000000000000000000000000000000000000000000000000000000000000000000000000000000000000000000000259524C9599B376F9EB36AD5AADFDADADA92969616A3C2A3B5B53559B66CD9FFA6A35122E55EEE0120270A7BF9F2E5497B7B7BD2D9D9695469ECD9B327F9E4934FF6A5057EA754CABDDC034097585952D83553DC9D2D2D2D1BA452EEE51E00BAC45BA00AB376465ADA87A452EEE51E00BAC4DE31655953A59D48A5DCCB3D00F4B1B4FFF6D75DC9E6CFFF987CDDFA7461C4C7F13545ABB4E5DE907B00AA5ADAFBF7EE48D67F343159BBE0F163467C2D6E53B64A5BEE0DB907A06AA5BDFDEBFF38AEB0B3F1C3D7F395ADD2967B43EE01A85E696F5832ADC7D28EDB94ADD2967B43EE01A85A69AF6F99DC6369C76DCA5669CBBD21F700286DA58DDCCB3D004ABB78C451D03D9576DCA66C95B6DC1B720F40D54A7BD38A7FEBB1B4E33665ABB4E5DE907B00AA56DA3FED5897ACFF78D2F16F85A65F8BDB94ADD2967B43EE01A85A69C7D8F2C5CCE34A3BBEA66895B6DC1B720F40754BFBE0C164D367FF7EFC5BA1E9D7E23665ABB4E5DE907B00AA52DA71A59E8D2BFEB5C7BD7B719BABF9286DB937E41E80CA96F6C183C9AE4D8B933F2FFA438F859D8DB84FDCD76A93D2967B43EE01287B699F6C55C96A93D2967BB9977B00AA56DABD59553AD16A93F255DA726FC83D00652BEDFE16763694AFD2967B43EE01285B691B4A5BEE0DB90740691B4A5BEE0DB90740692B6DE45EEE0150DA86D2967B43EE815A9424C9DFAD5BB7AEF9DD77DFFD64EAD4A9FBC68C197368C48811C9B061C392C6C6C6230F3DF450E7840913364F9B366D563AFED123A6B40DA52DF786DC57574343C3DFD7D5D53D9C76F59C746C4AC7FEE8ED7474A4634B7ADBDCF4DFC7E27E1E2D06F524F5830F3E98F9CC33CF1C1A3B766CF2E69B6F26AB56AD4A76ECD8917474742421FE6D6F6F4F56AF5E9DA493D9E491471E39F2E8A38F6E1D3972E4031E41A56D286DB937E4BEB2EEB9E79EDFA5A3251D9D5D93D3DE8C25E9FD1B3D7A0C2AE9A4B4E9D9679F3DF8F8E38F1726A2870F1F4E7A6BCD9A35C9934F3E79B8B9B979C35D77DD75854753691B4A5BEEE59EF24A279C97A713CE457D98A0763796EB6D06C36AEA59F3E6CD5BFCE0830F26F3E7CFEFD324B5D8A2458B92A6A6A603565995B6A1B4E55EEE299FBABABA61F5F5F5FF979F7836343424CF3DF75CB278F1E2E4FBEFBF4F7EFEF9E74237FFF2CB2F85774857AC58914C9F3E3DB9F7DE7B8B27ACFBADB252D313D5A54B97FEF7E8D1A3938D1B3726A5B075EBD6249DF81E78E081077EEF1156DA4A5B69CBBDDC53F289EA2DE9E4F2707E923A6BD6ACC216BDDED8BB776FE1FEF17DF9496BFA332D34517B62453526AABD0D786FC5CF1B3972A4576A4A5B692B6DB9977B4ABCA29A9FA88E1B37AEB08ADA1FF17DB1F5AF68C2AAB7A91DB14735DEFA2FD58A6A772BACF7DD77DFDE34F8433CDA4A5B6923F772CFC0C41ED5FC5BFF93264D3AFA567F7FC516812953A6146F09D0DB545F1CF5FFF4D34F77C61ED5725AB060C181868686951E71A5ADB4917BB96760D2896A6B7E4575A013D5FC84B5688575B9479BAA9B3B77EE9F2298BFFEFA6B526EA3468DDAED6D05A5ADB4917BB9A7FFE2F454F93DAAFD7DEBFF445B02F27B58F536555F558DF3A8C6E9A92A61EDDAB59D565795B6D246EEE59E014D565BB289641C1C550EB367CFB6BA4A6D882B53C54155033945555F353535ED8EBD361EFD81FDA14AC73F2B6DA52DF7722FF7A757C6E38A53D94155B1FAF9D34F3F95A5ABE32C0145A7B5D2DB54475C4275C68C1949254D9F3E7D4D5CE2CDA3DF7FB9B7665AEAEAEAFE49692B6DB9977BB93F3D32DE7509D5C2FD9E7FFEF972F7757EB2AAB7A98EA953A7EE8B4BA856D2679F7DB6350DFD7C8FFEC0FFA0E5C6C2EE5E8D2B6DA52DF786DC9F5A194FBF3627BB7DE9D2A565EDEBB87040EEFFA2B7A98E3163C61CDAB56B574527ABBB77EF6E4F43BFDDA35FD23F68475F8DE7FFB0296DA52DF786DC9F5A194F3FDF947DBDD40756158B2B5DE5FE1F7A9BEA18316244D2D1D151D1C9EA575F7D95D4D5D51D4A833FD9E8F738E1F59DD3C737FE98CD50DAB533D6AE5D9B4C9B362D915DB9977B638019FF35FBBC54A7AB3AD169AC72BFBFC3AC89AABD8AABB43973E624277B421AA519A77269C7E6FFC1F4FF7DEFBDF76452EE4FBBE783DC97775442FEF799355115C3870F3F52E995D5D5AB57C7153762657592D1EFD1D31FAF1DE9F853FAEAFB5FE27ED52AEDC8D4D9679F9D7CFBEDB73DDEE78B2FBE4876EEDC59F8B8ADAD2DB687144E6CBD69D3A65EFDFCEBAFBF3ED9B3674F8FF789DB2EBCF0C2C2CF8BFB37353525DBB66D2BDC76EBADB7167E5FA55798E26008D91DFCB9EF4DBE4B35F6EDDB57787EBCFFFEFB3D3E376AF9F920F765C978A795554E2BA3478FEEACF49ED57482F2177B5F4ABEAFE9F3F48FD82D43870E3D2B7FBF6AAE30A5BFFE84B7AF59B3A650B0EFBCF34E72C30D37143EBFEEBAEB8E2BEAECE373CF3D3739FFFCF30BE3A28B2E3AE6E328E1F838EE932FF0FCFFA1A78FEDDD93FB52E7FBD24B2F4D2EB9E492E4B2CB2EEB765C70C10585DB23B3D9F7C45959CE3BEFBCC26D91E91837DE786372C71D772437DD745372CD35D714CEA739189F0F725FDA8CDBB3CA6967E2C4899B2A7D36808F3EFAE8BF1C5558B23F682BE34A26C5653D1826AB315E79E595E4CA2BAF2C7CFCF6DB6F17BEA778ECDFBFFFB89F17C51B9707CE56668B7F67DC7EA242CE3E8EEF3FD16A94D296FB81E4BBAFDF1B5BA41E7BECB1C2C7B11AF9C4134F14F27FFBEDB717563EB35C0FB6E783DC9736E3CE06C069E785175E9851E9F3AC4E9A346981F3B50DF80F5AB72B4AD59EACAE5FBF3EB9FBEEBB8F2BC3789B314E5C9DBFEFA851A3220BC99831639279F3E625D75E7BED312BA9312EBEF8E2A393D55855CA4A375B258AB7A8B2FBC6C76FBCF146E1E3DB6EBBED98096F7CBDB89CDF7AEBADC21FE0F8636CB22AF7A5CE77769FE2D1D364B5BBFBF6F4FD83EDF920F7A5CDB8F3AC72DA79EAA9A7FEE1E1871FFEAD8257B0EAA8AFAFFFCE95302AA3D293D5975F7EF9E85B95F9328CFF479AB363EEFBC30F3F14FE9D39736672CE39E76485764C29C75B9AD964352BE4DE147956DAF995A5EC3EB1F520FE5DB972A56D00725FB67C7737292DE56475303D1FE4BEB4E20A565DC77D94FD0A568D8D8D475CC18A9A306EDCB8FF59BD7A75A5B600CC728DE15377B21A7B4FBB7BCB3146ECBD8B83AA8A27ACF116E715575CD16D99E7F7F4F5A6D0BB9B00C46AD892254BEC5995FB8AE7BB2F93D59850C688839EE2EDFFEE8EF62F7EE761B03C1FE4BEF4E2BCABD924325E4095C3ECD9B3F3ABAA7A9BEABAFFFEFBEF1A3F7EFCA10AACAEEEADAFAFFF327D92357AD44FBDC9EADCB973932953A6F458805192F1567FF6F9962D5B0AE5BF7DFBF6A307821497791C70D253F9F7341188B17CF9F2C2DEBFF8DA8B2FBE58980098ACCA7D25F3DDD76D00D9183A7468B7DF17FB594FB4725BCBCF07B92FCB64F577D9443256574B7DA055FCBCB4AF8FE42E4AA0B7A9BEE6E6E675B141BF9C627F6CBC3A3BD97E3306DF64355648AFBAEAAA63F6ED75578071118A28FDF838FD435828F8F8F8CC33CF3CAEDCE3F3D81ED09F95A4D87717A7153AA317473F7FF3CD3726AB725FF27C171F7D9FBD53D0DDD7B3119382D8BF9DDF5210ABA9DD6D31184CCF07B92F8F342F4BB2C9649CF6AF54A7B18A15FEF1E3C71FCEAFAAEA6D6A25F4973735351DD8B871635926AAEBD6AD9B97FE8E5DE9ABB3211EED536FB21AA79D5AB870E1498F788E733CC68A6AF1E9A98A4B3CFB3CCE6599DFA317A7F0E9E9E7C7812FF9A3A57B2AE428EEF8387E6F4C3EAEBEFA6A9355B92F4BBEB3FDD627DBCB1A47E1C7BB0C7190537C1E2B9F13264C2864340E44CCF677179F5B75B03C1FE4BE7CBD9D8E3DD9A4320E581DE8843526AA53A64CC9EF53DDAFB7A9298D8D8D0DCDCDCDBFB4B7B79774A29AFEA1FDB4BEBE7E9BB7114EDDC96A7E4441C7E96FCEE8E55B8BAFBFFE7A61DF6A71B97FF7DD77C7ED59EDEBA983B215DB9840C4FDE3A8E83845561472ACDAC6F683F8DC6455EECB95EFE209669C822ACB65FE84FDD9DBFCF1F3E3E398BCC68BB59830C46AEDC94EDA5FCBCF07B92F9FBABABA61D9C156D90A6B7FB704C4F715ADA87AFB9FDAD4D0D0D03472E4C8FDA55A618D15D598A8A64FA8273DBAA7C76435269FB1776FECD8B127BD6FDC2F26AAD99574B211251A05DADD3EBDEC609428D7FCA97AF223F6C1C6CF9D3871E2D1B7367BFA59F6ACCA7DB9F25D3CE2346D37DF7C7361DF6877B7C72A6A5C5020B2FBEAABAF165EB0C569A662D23064C89063565207D3F341EECBBEC23A223F618D3DAC71D0551C94D7DBA3FEE360AAFC1ED5187A9B9A7FA5D6D8D8B8EFC30F3FFCDB000EBADAFBD24B2FFD31DEFA8F279247F5F499AC1A4A5BEE0DB9AF7C6FA7636F7EB21993D6380F6B5C3820564DB32D02F1A226AE4C155B405E7BEDB564F8F0E1BF155D356BBFDE66B0BC52BB3C7D95D5D6DCDCBCFBCB2FBF3CD097F3A87EFCF1C7B3D3C9EEE7B129DB5E17A56D286DB9977BA9AC4C6FE74F69D5CFA1B71994E1BF3326AD23468C689F3A75EAD79F7EFAE9B6F415D9AED87B150E1C38B07BE7CE9D7F696D6DFDCFC993272F4C5FC96D8EB0C7AB32470F2A6D4369CBBD21F795EFEDAE49EBA1BE4C52F536835E5C31230DFFD8AE6B126F49474757C0E3DFED71CDE0B8149B2B5C286D4369CBBD21F77A1B40692B6DE45EEE0150DA86D2967B43EE0150DA4A1BB9977B0094B6A1B4E5DE907B0094B6A1B4E5DE907B0094B6D246EEE51E00A56D286DB937E41E00A5ADB4917BB90740691B4A5BEE0DB90740691B4A5BEEE51E0094B6D246EEE51E00A56D286DB937E41E00A5ADB4917BB90740691B4A5BEE0DB90740692B6DA52DF7720F004A5B69CBBDBCC93D004ADB50DA726FC83D004A5B6923F7720F80D23694B6DC1B720F80D256DAC8BDDC0380D256DA726FC83D00B5ABADAD4D59D6CEE8484BFB9054CABDDC03409765CB96ED6A6F6F5798353076ECD8F15E5ADA1BA452EEE51E00BA2C5EBCF8B6A54B97FEF5C71F7F3CA038ABB7B21485DDDADABA2D1D774AA5DCCB3D00E4A445714B4B4BCBE7F1565CEC1D332A3EE271DFA0B0E55EEE010000000000000000000000000000000000000000000000E897FF07B072271F5E441E220000000049454E44AE426082, 1);
INSERT INTO `act_ge_bytearray` VALUES ('3', 1, 'source-extra', NULL, '', NULL);
INSERT INTO `act_ge_bytearray` VALUES ('5', 1, '请假实例.bpmn20.xml', '4', 0x3C3F786D6C2076657273696F6E3D22312E302220656E636F64696E673D225554462D38223F3E0A3C646566696E6974696F6E7320786D6C6E733D22687474703A2F2F7777772E6F6D672E6F72672F737065632F42504D4E2F32303130303532342F4D4F44454C2220786D6C6E733A7873693D22687474703A2F2F7777772E77332E6F72672F323030312F584D4C536368656D612D696E7374616E63652220786D6C6E733A7873643D22687474703A2F2F7777772E77332E6F72672F323030312F584D4C536368656D612220786D6C6E733A61637469766974693D22687474703A2F2F61637469766974692E6F72672F62706D6E2220786D6C6E733A62706D6E64693D22687474703A2F2F7777772E6F6D672E6F72672F737065632F42504D4E2F32303130303532342F44492220786D6C6E733A6F6D6764633D22687474703A2F2F7777772E6F6D672E6F72672F737065632F44442F32303130303532342F44432220786D6C6E733A6F6D6764693D22687474703A2F2F7777772E6F6D672E6F72672F737065632F44442F32303130303532342F44492220747970654C616E67756167653D22687474703A2F2F7777772E77332E6F72672F323030312F584D4C536368656D61222065787072657373696F6E4C616E67756167653D22687474703A2F2F7777772E77332E6F72672F313939392F585061746822207461726765744E616D6573706163653D22687474703A2F2F7777772E61637469766974692E6F72672F70726F63657373646566223E0A20203C70726F636573732069643D224C6561766522206E616D653D22E8AFB7E58187E5AE9EE4BE8B2220697345786563757461626C653D2274727565223E0A202020203C73746172744576656E742069643D227369642D35314544324646352D383836342D343946332D414646422D30434641334336394646394322206E616D653D22E5BC80E5A78BE4BA8BE4BBB6223E3C2F73746172744576656E743E0A202020203C757365725461736B2069643D227369642D32463438433933422D343143302D344638302D394546322D44323234363531333642353722206E616D653D22E5B08FE78B97E5AEA1E689B9222061637469766974693A61737369676E65653D22E5B08FE78B97223E3C2F757365725461736B3E0A202020203C73657175656E6365466C6F772069643D227369642D39383741373230372D423735452D344138362D424145452D3842453730334632373139312220736F757263655265663D227369642D35314544324646352D383836342D343946332D414646422D30434641334336394646394322207461726765745265663D227369642D32463438433933422D343143302D344638302D394546322D443232343635313336423537223E3C2F73657175656E6365466C6F773E0A202020203C757365725461736B2069643D227369642D45364437464434462D444339312D343943342D423631372D44383632323637313045304222206E616D653D22E5B08FE58FAFE788B1E5AEA1E689B9222061637469766974693A61737369676E65653D22E5B08FE58FAFE788B1223E3C2F757365725461736B3E0A202020203C73657175656E6365466C6F772069643D227369642D42424237373031352D393642352D344234452D414242452D3432384339394641344239302220736F757263655265663D227369642D32463438433933422D343143302D344638302D394546322D44323234363531333642353722207461726765745265663D227369642D45364437464434462D444339312D343943342D423631372D443836323236373130453042223E3C2F73657175656E6365466C6F773E0A202020203C656E644576656E742069643D227369642D38444136344337332D434437322D343534312D383135442D35313543304133444137354422206E616D653D22E7BB93E69D9FE4BA8BE4BBB6223E3C2F656E644576656E743E0A202020203C73657175656E6365466C6F772069643D227369642D35313843373738332D304531312D344645322D424145462D4346434332384235413538412220736F757263655265663D227369642D45364437464434462D444339312D343943342D423631372D44383632323637313045304222207461726765745265663D227369642D38444136344337332D434437322D343534312D383135442D353135433041334441373544223E3C2F73657175656E6365466C6F773E0A20203C2F70726F636573733E0A20203C62706D6E64693A42504D4E4469616772616D2069643D2242504D4E4469616772616D5F4C65617665223E0A202020203C62706D6E64693A42504D4E506C616E652062706D6E456C656D656E743D224C65617665222069643D2242504D4E506C616E655F4C65617665223E0A2020202020203C62706D6E64693A42504D4E53686170652062706D6E456C656D656E743D227369642D35314544324646352D383836342D343946332D414646422D304346413343363946463943222069643D2242504D4E53686170655F7369642D35314544324646352D383836342D343946332D414646422D304346413343363946463943223E0A20202020202020203C6F6D6764633A426F756E6473206865696768743D2233302E30222077696474683D2233302E302220783D223135302E302220793D223132332E30223E3C2F6F6D6764633A426F756E64733E0A2020202020203C2F62706D6E64693A42504D4E53686170653E0A2020202020203C62706D6E64693A42504D4E53686170652062706D6E456C656D656E743D227369642D32463438433933422D343143302D344638302D394546322D443232343635313336423537222069643D2242504D4E53686170655F7369642D32463438433933422D343143302D344638302D394546322D443232343635313336423537223E0A20202020202020203C6F6D6764633A426F756E6473206865696768743D2238302E30222077696474683D223130302E302220783D223237302E302220793D2239382E30223E3C2F6F6D6764633A426F756E64733E0A2020202020203C2F62706D6E64693A42504D4E53686170653E0A2020202020203C62706D6E64693A42504D4E53686170652062706D6E456C656D656E743D227369642D45364437464434462D444339312D343943342D423631372D443836323236373130453042222069643D2242504D4E53686170655F7369642D45364437464434462D444339312D343943342D423631372D443836323236373130453042223E0A20202020202020203C6F6D6764633A426F756E6473206865696768743D2238302E30222077696474683D223130302E302220783D223436302E302220793D2239382E30223E3C2F6F6D6764633A426F756E64733E0A2020202020203C2F62706D6E64693A42504D4E53686170653E0A2020202020203C62706D6E64693A42504D4E53686170652062706D6E456C656D656E743D227369642D38444136344337332D434437322D343534312D383135442D353135433041334441373544222069643D2242504D4E53686170655F7369642D38444136344337332D434437322D343534312D383135442D353135433041334441373544223E0A20202020202020203C6F6D6764633A426F756E6473206865696768743D2232382E30222077696474683D2232382E302220783D223634352E302220793D223132342E30223E3C2F6F6D6764633A426F756E64733E0A2020202020203C2F62706D6E64693A42504D4E53686170653E0A2020202020203C62706D6E64693A42504D4E456467652062706D6E456C656D656E743D227369642D39383741373230372D423735452D344138362D424145452D384245373033463237313931222069643D2242504D4E456467655F7369642D39383741373230372D423735452D344138362D424145452D384245373033463237313931223E0A20202020202020203C6F6D6764693A776179706F696E7420783D223138302E302220793D223133382E30223E3C2F6F6D6764693A776179706F696E743E0A20202020202020203C6F6D6764693A776179706F696E7420783D223237302E302220793D223133382E30223E3C2F6F6D6764693A776179706F696E743E0A2020202020203C2F62706D6E64693A42504D4E456467653E0A2020202020203C62706D6E64693A42504D4E456467652062706D6E456C656D656E743D227369642D42424237373031352D393642352D344234452D414242452D343238433939464134423930222069643D2242504D4E456467655F7369642D42424237373031352D393642352D344234452D414242452D343238433939464134423930223E0A20202020202020203C6F6D6764693A776179706F696E7420783D223337302E302220793D223133382E30223E3C2F6F6D6764693A776179706F696E743E0A20202020202020203C6F6D6764693A776179706F696E7420783D223436302E302220793D223133382E30223E3C2F6F6D6764693A776179706F696E743E0A2020202020203C2F62706D6E64693A42504D4E456467653E0A2020202020203C62706D6E64693A42504D4E456467652062706D6E456C656D656E743D227369642D35313843373738332D304531312D344645322D424145462D434643433238423541353841222069643D2242504D4E456467655F7369642D35313843373738332D304531312D344645322D424145462D434643433238423541353841223E0A20202020202020203C6F6D6764693A776179706F696E7420783D223536302E302220793D223133382E30223E3C2F6F6D6764693A776179706F696E743E0A20202020202020203C6F6D6764693A776179706F696E7420783D223634352E302220793D223133382E30223E3C2F6F6D6764693A776179706F696E743E0A2020202020203C2F62706D6E64693A42504D4E456467653E0A202020203C2F62706D6E64693A42504D4E506C616E653E0A20203C2F62706D6E64693A42504D4E4469616772616D3E0A3C2F646566696E6974696F6E733E, 0);
INSERT INTO `act_ge_bytearray` VALUES ('6', 1, '请假实例.Leave.png', '4', 0x89504E470D0A1A0A0000000D49484452000002AB000000BC08060000005F57E7FB00000FD14944415478DAEDDD7F8895F59E07F0A0A28D88088A08160A365AFFEEAF8DB69020222ABAD18FB19929650AA7BC69A645714D742B49FB65B51B5B21DD122F1612E6BAAED6CCA869A66C59EAB5ECEAE68FCC1F8DDB7ACD9BE3A4F9ECF339CC238FC7199D1FE7D7E8EB055F9C997366460EEF33EFEFF99EEFF33C679C010000000000000000000000000000000000000000000000000000000000000000000000000000000000000000000000000000000000000000000000000000000000000000000000000000000000000000000000000000000000000000000000000000000000000000000000000000000000000000000000000000000000000000000000000000000000000000000000000000000000000000000000000000000000000000000000000000000000000000000000000000000000000000000000000000000000000000000000000000000000000000000000000000000000000000000000000000000000000000000000000000000000000000000000000000000000000000259524C9599B376F9EB36AD5AADFDADADA92969616A3C2A3B5B53559B66CD9FFA6A35122E55EEE0120270A7BF9F2E5497B7B7BD2D9D9695469ECD9B327F9E4934FF6A5057EA754CABDDC034097585952D83553DC9D2D2D2D1BA452EEE51E00BAC45BA00AB376465ADA87A452EEE51E00BAC4DE31655953A59D48A5DCCB3D00F4B1B4FFF6D75DC9E6CFFF987CDDFA7461C4C7F13545ABB4E5DE907B00AA5ADAFBF7EE48D67F343159BBE0F163467C2D6E53B64A5BEE0DB907A06AA5BDFDEBFF38AEB0B3F1C3D7F395ADD2967B43EE01A85E696F5832ADC7D28EDB94ADD2967B43EE01A85A69AF6F99DC6369C76DCA5669CBBD21F700286DA58DDCCB3D004ABB78C451D03D9576DCA66C95B6DC1B720F40D54A7BD38A7FEBB1B4E33665ABB4E5DE907B00AA56DA3FED5897ACFF78D2F16F85A65F8BDB94ADD2967B43EE01A85A69C7D8F2C5CCE34A3BBEA66895B6DC1B720F40754BFBE0C164D367FF7EFC5BA1E9D7E23665ABB4E5DE907B00AA52DA71A59E8D2BFEB5C7BD7B719BABF9286DB937E41E80CA96F6C183C9AE4D8B933F2FFA438F859D8DB84FDCD76A93D2967B43EE01287B699F6C55C96A93D2967BB9977B00AA56DABD59553AD16A93F255DA726FC83D00652BEDFE16763694AFD2967B43EE01285B691B4A5BEE0DB90740691B4A5BEE0DB90740692B6DE45EEE0150DA86D2967B43EE815A9424C9DFAD5BB7AEF9DD77DFFD64EAD4A9FBC68C197368C48811C9B061C392C6C6C6230F3DF450E7840913364F9B366D563AFED123A6B40DA52DF786DC57574343C3DFD7D5D53D9C76F59C746C4AC7FEE8ED7474A4634B7ADBDCF4DFC7E27E1E2D06F524F5830F3E98F9CC33CF1C1A3B766CF2E69B6F26AB56AD4A76ECD8917474742421FE6D6F6F4F56AF5E9DA493D9E491471E39F2E8A38F6E1D3972E4031E41A56D286DB937E4BEB2EEB9E79EDFA5A3251D9D5D93D3DE8C25E9FD1B3D7A0C2AE9A4B4E9D9679F3DF8F8E38F1726A2870F1F4E7A6BCD9A35C9934F3E79B8B9B979C35D77DD75854753691B4A5BEEE59EF24A279C97A713CE457D98A0763796EB6D06C36AEA59F3E6CD5BFCE0830F26F3E7CFEFD324B5D8A2458B92A6A6A603565995B6A1B4E55EEE299FBABABA61F5F5F5FF979F7836343424CF3DF75CB278F1E2E4FBEFBF4F7EFEF9E74237FFF2CB2F85774857AC58914C9F3E3DB9F7DE7B8B27ACFBADB252D313D5A54B97FEF7E8D1A3938D1B3726A5B075EBD6249DF81E78E081077EEF1156DA4A5B69CBBDDC53F289EA2DE9E4F2707E923A6BD6ACC216BDDED8BB776FE1FEF17DF9496BFA332D34517B62453526AABD0D786FC5CF1B3972A4576A4A5B692B6DB9977B4ABCA29A9FA88E1B37AEB08ADA1FF17DB1F5AF68C2AAB7A91DB14735DEFA2FD58A6A772BACF7DD77DFDE34F8433CDA4A5B6923F772CFC0C41ED5FC5BFF93264D3AFA567F7FC516812953A6146F09D0DB545F1CF5FFF4D34F77C61ED5725AB060C181868686951E71A5ADB4917BB96760D2896A6B7E4575A013D5FC84B5688575B9479BAA9B3B77EE9F2298BFFEFA6B526EA3468DDAED6D05A5ADB4917BB9A7FFE2F454F93DAAFD7DEBFF445B02F27B58F536555F558DF3A8C6E9A92A61EDDAB59D565795B6D246EEE59E014D565BB289641C1C550EB367CFB6BA4A6D882B53C54155033945555F353535ED8EBD361EFD81FDA14AC73F2B6DA52DF7722FF7A757C6E38A53D94155B1FAF9D34F3F95A5ABE32C0145A7B5D2DB54475C4275C68C1949254D9F3E7D4D5CE2CDA3DF7FB9B7665AEAEAEAFE49692B6DB9977BB93F3D32DE7509D5C2FD9E7FFEF972F7757EB2AAB7A98EA953A7EE8B4BA856D2679F7DB6350DFD7C8FFEC0FFA0E5C6C2EE5E8D2B6DA52DF786DC9F5A194FBF3627BB7DE9D2A565EDEBB87040EEFFA2B7A98E3163C61CDAB56B574527ABBB77EF6E4F43BFDDA35FD23F68475F8DE7FFB0296DA52DF786DC9F5A194F3FDF947DBDD40756158B2B5DE5FE1F7A9BEA18316244D2D1D151D1C9EA575F7D95D4D5D51D4A833FD9E8F738E1F59DD3C737FE98CD50DAB533D6AE5D9B4C9B362D915DB9977B638019FF35FBBC54A7AB3AD169AC72BFBFC3AC89AABD8AABB43973E624277B421AA519A77269C7E6FFC1F4FF7DEFBDF76452EE4FBBE783DC97775442FEF799355115C3870F3F52E995D5D5AB57C7153762657592D1EFD1D31FAF1DE9F853FAEAFB5FE27ED52AEDC8D4D9679F9D7CFBEDB73DDEE78B2FBE4876EEDC59F8B8ADAD2DB687144E6CBD69D3A65EFDFCEBAFBF3ED9B3674F8FF789DB2EBCF0C2C2CF8BFB37353525DBB66D2BDC76EBADB7167E5FA55798E26008D91DFCB9EF4DBE4B35F6EDDB57787EBCFFFEFB3D3E376AF9F920F765C978A795554E2BA3478FEEACF49ED57482F2177B5F4ABEAFE9F3F48FD82D43870E3D2B7FBF6AAE30A5BFFE84B7AF59B3A650B0EFBCF34E72C30D37143EBFEEBAEB8E2BEAECE373CF3D3739FFFCF30BE3A28B2E3AE6E328E1F838EE932FF0FCFFA1A78FEDDD93FB52E7FBD24B2F4D2EB9E492E4B2CB2EEB765C70C10585DB23B3D9F7C45959CE3BEFBCC26D91E91837DE786372C71D772437DD745372CD35D714CEA739189F0F725FDA8CDBB3CA6967E2C4899B2A7D36808F3EFAE8BF1C5558B23F682BE34A26C5653D1826AB315E79E595E4CA2BAF2C7CFCF6DB6F17BEA778ECDFBFFFB89F17C51B9707CE56668B7F67DC7EA242CE3E8EEF3FD16A94D296FB81E4BBAFDF1B5BA41E7BECB1C2C7B11AF9C4134F14F27FFBEDB717563EB35C0FB6E783DC9736E3CE06C069E785175E9851E9F3AC4E9A346981F3B50DF80F5AB72B4AD59EACAE5FBF3EB9FBEEBB8F2BC3789B314E5C9DBFEFA851A3220BC99831639279F3E625D75E7BED312BA9312EBEF8E2A393D55855CA4A375B258AB7A8B2FBC6C76FBCF146E1E3DB6EBBED98096F7CBDB89CDF7AEBADC21FE0F8636CB22AF7A5CE77769FE2D1D364B5BBFBF6F4FD83EDF920F7A5CDB8F3AC72DA79EAA9A7FEE1E1871FFEAD8257B0EAA8AFAFFFCE95302AA3D293D5975F7EF9E85B95F9328CFF479AB363EEFBC30F3F14FE9D39736672CE39E76485764C29C75B9AD964352BE4DE147956DAF995A5EC3EB1F520FE5DB972A56D00725FB67C7737292DE56475303D1FE4BEB4E20A565DC77D94FD0A568D8D8D475CC18A9A306EDCB8FF59BD7A75A5B600CC728DE15377B21A7B4FBB7BCB3146ECBD8B83AA8A27ACF116E715575CD16D99E7F7F4F5A6D0BB9B00C46AD892254BEC5995FB8AE7BB2F93D59850C688839EE2EDFFEE8EF62F7EE761B03C1FE4BEF4E2BCABD924325E4095C3ECD9B3F3ABAA7A9BEABAFFFEFBEF1A3F7EFCA10AACAEEEADAFAFFF327D92357AD44FBDC9EADCB973932953A6F458805192F1567FF6F9962D5B0AE5BF7DFBF6A307821497791C70D253F9F7341188B17CF9F2C2DEBFF8DA8B2FBE58980098ACCA7D25F3DDD76D00D9183A7468B7DF17FB594FB4725BCBCF07B92FCB64F577D9443256574B7DA055FCBCB4AF8FE42E4AA0B7A9BEE6E6E675B141BF9C627F6CBC3A3BD97E3306DF64355648AFBAEAAA63F6ED75578071118A28FDF838FD435828F8F8F8CC33CF3CAEDCE3F3D81ED09F95A4D87717A7153AA317473F7FF3CD3726AB725FF27C171F7D9FBD53D0DDD7B3119382D8BF9DDF5210ABA9DD6D31184CCF07B92F8F342F4BB2C9649CF6AF54A7B18A15FEF1E3C71FCEAFAAEA6D6A25F4973735351DD8B871635926AAEBD6AD9B97FE8E5DE9ABB3211EED536FB21AA79D5AB870E1498F788E733CC68A6AF1E9A98A4B3CFB3CCE6599DFA317A7F0E9E9E7C7812FF9A3A57B2AE428EEF8387E6F4C3EAEBEFA6A9355B92F4BBEB3FDD627DBCB1A47E1C7BB0C7190537C1E2B9F13264C2864340E44CCF677179F5B75B03C1FE4BE7CBD9D8E3DD9A4320E581DE8843526AA53A64CC9EF53DDAFB7A9298D8D8D0DCDCDCDBFB4B7B79774A29AFEA1FDB4BEBE7E9BB7114EDDC96A7E4441C7E96FCEE8E55B8BAFBFFE7A61DF6A71B97FF7DD77C7ED59EDEBA983B215DB9840C4FDE3A8E83845561472ACDAC6F683F8DC6455EECB95EFE209669C822ACB65FE84FDD9DBFCF1F3E3E398BCC68BB59830C46AEDC94EDA5FCBCF07B92F9FBABABA61D9C156D90A6B7FB704C4F715ADA87AFB9FDAD4D0D0D03472E4C8FDA55A618D15D598A8A64FA8273DBAA7C76435269FB1776FECD8B127BD6FDC2F26AAD99574B211251A05DADD3EBDEC609428D7FCA97AF223F6C1C6CF9D3871E2D1B7367BFA59F6ACCA7DB9F25D3CE2346D37DF7C7361DF6877B7C72A6A5C5020B2FBEAABAF165EB0C569A662D23064C89063565207D3F341EECBBEC23A223F618D3DAC71D0551C94D7DBA3FEE360AAFC1ED5187A9B9A7FA5D6D8D8B8EFC30F3FFCDB000EBADAFBD24B2FFD31DEFA8F279247F5F499AC1A4A5BEE0DB9AF7C6FA7636F7EB21993D6380F6B5C3820564DB32D02F1A226AE4C155B405E7BEDB564F8F0E1BF155D356BBFDE66B0BC52BB3C7D95D5D6DCDCBCFBCB2FBF3CD097F3A87EFCF1C7B3D3C9EEE7B129DB5E17A56D286DB9977BA9AC4C6FE74F69D5CFA1B71994E1BF3326AD23468C689F3A75EAD79F7EFAE9B6F415D9AED87B150E1C38B07BE7CE9D7F696D6DFDCFC993272F4C5FC96D8EB0C7AB32470F2A6D4369CBBD21F795EFEDAE49EBA1BE4C52F536835E5C31230DFFD8AE6B126F49474757C0E3DFED71CDE0B8149B2B5C286D4369CBBD21F77A1B40692B6DE45EEE0150DA86D2967B43EE0150DA4A1BB9977B0094B6A1B4E5DE907B0094B6A1B4E5DE907B0094B6D246EEE51E00A56D286DB937E41E00A5ADB4917BB90740691B4A5BEE0DB90740691B4A5BEEE51E0094B6D246EEE51E00A56D286DB937E41E00A5ADB4917BB90740691B4A5BEE0DB90740692B6DA52DF7720F004A5B69CBBDBCC93D004ADB50DA726FC83D004A5B6923F7720F80D23694B6DC1B720F80D256DAC8BDDC0380D256DA726FC83D00B5ABADAD4D59D6CEE8484BFB9054CABDDC03409765CB96ED6A6F6F5798353076ECD8F15E5ADA1BA452EEE51E00BA2C5EBCF8B6A54B97FEF5C71F7F3CA038ABB7B21485DDDADABA2D1D774AA5DCCB3D00E4A445714B4B4BCBE7F1565CEC1D332A3EE271DFA0B0E55EEE010000000000000000000000000000000000000000000000E897FF07B072271F5E441E220000000049454E44AE426082, 1);

-- ----------------------------
-- Table structure for act_ge_property
-- ----------------------------
DROP TABLE IF EXISTS `act_ge_property`;
CREATE TABLE `act_ge_property`  (
  `NAME_` varchar(64) CHARACTER SET utf8 COLLATE utf8_bin NOT NULL,
  `VALUE_` varchar(300) CHARACTER SET utf8 COLLATE utf8_bin NULL DEFAULT NULL,
  `REV_` int(11) NULL DEFAULT NULL,
  PRIMARY KEY (`NAME_`) USING BTREE
) ENGINE = InnoDB CHARACTER SET = utf8 COLLATE = utf8_bin ROW_FORMAT = Dynamic;

-- ----------------------------
-- Records of act_ge_property
-- ----------------------------
INSERT INTO `act_ge_property` VALUES ('next.dbid', '7501', 4);
INSERT INTO `act_ge_property` VALUES ('schema.history', 'create(5.22.0.0)', 1);
INSERT INTO `act_ge_property` VALUES ('schema.version', '5.22.0.0', 1);

-- ----------------------------
-- Table structure for act_hi_actinst
-- ----------------------------
DROP TABLE IF EXISTS `act_hi_actinst`;
CREATE TABLE `act_hi_actinst`  (
  `ID_` varchar(64) CHARACTER SET utf8 COLLATE utf8_bin NOT NULL,
  `PROC_DEF_ID_` varchar(64) CHARACTER SET utf8 COLLATE utf8_bin NOT NULL,
  `PROC_INST_ID_` varchar(64) CHARACTER SET utf8 COLLATE utf8_bin NOT NULL,
  `EXECUTION_ID_` varchar(64) CHARACTER SET utf8 COLLATE utf8_bin NOT NULL,
  `ACT_ID_` varchar(255) CHARACTER SET utf8 COLLATE utf8_bin NOT NULL,
  `TASK_ID_` varchar(64) CHARACTER SET utf8 COLLATE utf8_bin NULL DEFAULT NULL,
  `CALL_PROC_INST_ID_` varchar(64) CHARACTER SET utf8 COLLATE utf8_bin NULL DEFAULT NULL,
  `ACT_NAME_` varchar(255) CHARACTER SET utf8 COLLATE utf8_bin NULL DEFAULT NULL,
  `ACT_TYPE_` varchar(255) CHARACTER SET utf8 COLLATE utf8_bin NOT NULL,
  `ASSIGNEE_` varchar(255) CHARACTER SET utf8 COLLATE utf8_bin NULL DEFAULT NULL,
  `START_TIME_` datetime(3) NOT NULL,
  `END_TIME_` datetime(3) NULL DEFAULT NULL,
  `DURATION_` bigint(20) NULL DEFAULT NULL,
  `TENANT_ID_` varchar(255) CHARACTER SET utf8 COLLATE utf8_bin NULL DEFAULT '',
  PRIMARY KEY (`ID_`) USING BTREE,
  INDEX `ACT_IDX_HI_ACT_INST_START`(`START_TIME_`) USING BTREE,
  INDEX `ACT_IDX_HI_ACT_INST_END`(`END_TIME_`) USING BTREE,
  INDEX `ACT_IDX_HI_ACT_INST_PROCINST`(`PROC_INST_ID_`, `ACT_ID_`) USING BTREE,
  INDEX `ACT_IDX_HI_ACT_INST_EXEC`(`EXECUTION_ID_`, `ACT_ID_`) USING BTREE
) ENGINE = InnoDB CHARACTER SET = utf8 COLLATE = utf8_bin ROW_FORMAT = Dynamic;

-- ----------------------------
-- Records of act_hi_actinst
-- ----------------------------
INSERT INTO `act_hi_actinst` VALUES ('10', 'Leave:1:7', '8', '8', 'sid-51ED2FF5-8864-49F3-AFFB-0CFA3C69FF9C', NULL, NULL, '开始事件', 'startEvent', NULL, '2021-04-19 21:43:39.253', '2021-04-19 21:43:39.285', 32, '');
INSERT INTO `act_hi_actinst` VALUES ('14', 'Leave:1:7', '8', '8', 'sid-2F48C93B-41C0-4F80-9EF2-D22465136B57', '15', NULL, '小狗审批', 'userTask', '小狗', '2021-04-19 21:43:39.288', '2021-04-19 21:48:12.442', 273154, '');
INSERT INTO `act_hi_actinst` VALUES ('20', 'Leave:1:7', '8', '8', 'sid-E6D7FD4F-DC91-49C4-B617-D86226710E0B', '21', NULL, '小可爱审批', 'userTask', '小可爱', '2021-04-19 21:48:12.442', NULL, NULL, '');
INSERT INTO `act_hi_actinst` VALUES ('2503', 'Leave:1:7', '2501', '2501', 'sid-51ED2FF5-8864-49F3-AFFB-0CFA3C69FF9C', NULL, NULL, '开始事件', 'startEvent', NULL, '2021-04-22 19:22:36.179', '2021-04-22 19:22:36.213', 34, '');
INSERT INTO `act_hi_actinst` VALUES ('2507', 'Leave:1:7', '2501', '2501', 'sid-2F48C93B-41C0-4F80-9EF2-D22465136B57', '2508', NULL, '小狗审批', 'userTask', '小狗', '2021-04-22 19:22:36.216', NULL, NULL, '');
INSERT INTO `act_hi_actinst` VALUES ('2515', 'Leave:2:2512', '2513', '2513', 'sid-51ED2FF5-8864-49F3-AFFB-0CFA3C69FF9C', NULL, NULL, '开始事件', 'startEvent', NULL, '2021-04-22 20:45:31.814', '2021-04-22 20:45:31.815', 1, '');
INSERT INTO `act_hi_actinst` VALUES ('2519', 'Leave:2:2512', '2513', '2513', 'sid-2F48C93B-41C0-4F80-9EF2-D22465136B57', '2520', NULL, '小狗审批', 'userTask', '小狗', '2021-04-22 20:45:31.815', '2021-04-22 23:38:26.052', 10374237, '');
INSERT INTO `act_hi_actinst` VALUES ('5005', 'Leave:2:2512', '2513', '2513', 'sid-E6D7FD4F-DC91-49C4-B617-D86226710E0B', '5006', NULL, '小可爱审批', 'userTask', '小可爱', '2021-04-22 23:38:26.055', NULL, NULL, '');

-- ----------------------------
-- Table structure for act_hi_attachment
-- ----------------------------
DROP TABLE IF EXISTS `act_hi_attachment`;
CREATE TABLE `act_hi_attachment`  (
  `ID_` varchar(64) CHARACTER SET utf8 COLLATE utf8_bin NOT NULL,
  `REV_` int(11) NULL DEFAULT NULL,
  `USER_ID_` varchar(255) CHARACTER SET utf8 COLLATE utf8_bin NULL DEFAULT NULL,
  `NAME_` varchar(255) CHARACTER SET utf8 COLLATE utf8_bin NULL DEFAULT NULL,
  `DESCRIPTION_` varchar(4000) CHARACTER SET utf8 COLLATE utf8_bin NULL DEFAULT NULL,
  `TYPE_` varchar(255) CHARACTER SET utf8 COLLATE utf8_bin NULL DEFAULT NULL,
  `TASK_ID_` varchar(64) CHARACTER SET utf8 COLLATE utf8_bin NULL DEFAULT NULL,
  `PROC_INST_ID_` varchar(64) CHARACTER SET utf8 COLLATE utf8_bin NULL DEFAULT NULL,
  `URL_` varchar(4000) CHARACTER SET utf8 COLLATE utf8_bin NULL DEFAULT NULL,
  `CONTENT_ID_` varchar(64) CHARACTER SET utf8 COLLATE utf8_bin NULL DEFAULT NULL,
  `TIME_` datetime(3) NULL DEFAULT NULL,
  PRIMARY KEY (`ID_`) USING BTREE
) ENGINE = InnoDB CHARACTER SET = utf8 COLLATE = utf8_bin ROW_FORMAT = Dynamic;

-- ----------------------------
-- Records of act_hi_attachment
-- ----------------------------

-- ----------------------------
-- Table structure for act_hi_comment
-- ----------------------------
DROP TABLE IF EXISTS `act_hi_comment`;
CREATE TABLE `act_hi_comment`  (
  `ID_` varchar(64) CHARACTER SET utf8 COLLATE utf8_bin NOT NULL,
  `TYPE_` varchar(255) CHARACTER SET utf8 COLLATE utf8_bin NULL DEFAULT NULL,
  `TIME_` datetime(3) NOT NULL,
  `USER_ID_` varchar(255) CHARACTER SET utf8 COLLATE utf8_bin NULL DEFAULT NULL,
  `TASK_ID_` varchar(64) CHARACTER SET utf8 COLLATE utf8_bin NULL DEFAULT NULL,
  `PROC_INST_ID_` varchar(64) CHARACTER SET utf8 COLLATE utf8_bin NULL DEFAULT NULL,
  `ACTION_` varchar(255) CHARACTER SET utf8 COLLATE utf8_bin NULL DEFAULT NULL,
  `MESSAGE_` varchar(4000) CHARACTER SET utf8 COLLATE utf8_bin NULL DEFAULT NULL,
  `FULL_MSG_` longblob NULL,
  PRIMARY KEY (`ID_`) USING BTREE
) ENGINE = InnoDB CHARACTER SET = utf8 COLLATE = utf8_bin ROW_FORMAT = Dynamic;

-- ----------------------------
-- Records of act_hi_comment
-- ----------------------------
INSERT INTO `act_hi_comment` VALUES ('16', 'comment', '2021-04-19 21:48:12.291', '小狗', '15', '8', 'AddComment', '请自便', 0xE8AFB7E887AAE4BEBF);
INSERT INTO `act_hi_comment` VALUES ('5001', 'comment', '2021-04-22 23:38:24.880', NULL, '2520', '2513', 'AddComment', '同意', 0xE5908CE6848F);

-- ----------------------------
-- Table structure for act_hi_detail
-- ----------------------------
DROP TABLE IF EXISTS `act_hi_detail`;
CREATE TABLE `act_hi_detail`  (
  `ID_` varchar(64) CHARACTER SET utf8 COLLATE utf8_bin NOT NULL,
  `TYPE_` varchar(255) CHARACTER SET utf8 COLLATE utf8_bin NOT NULL,
  `PROC_INST_ID_` varchar(64) CHARACTER SET utf8 COLLATE utf8_bin NULL DEFAULT NULL,
  `EXECUTION_ID_` varchar(64) CHARACTER SET utf8 COLLATE utf8_bin NULL DEFAULT NULL,
  `TASK_ID_` varchar(64) CHARACTER SET utf8 COLLATE utf8_bin NULL DEFAULT NULL,
  `ACT_INST_ID_` varchar(64) CHARACTER SET utf8 COLLATE utf8_bin NULL DEFAULT NULL,
  `NAME_` varchar(255) CHARACTER SET utf8 COLLATE utf8_bin NOT NULL,
  `VAR_TYPE_` varchar(255) CHARACTER SET utf8 COLLATE utf8_bin NULL DEFAULT NULL,
  `REV_` int(11) NULL DEFAULT NULL,
  `TIME_` datetime(3) NOT NULL,
  `BYTEARRAY_ID_` varchar(64) CHARACTER SET utf8 COLLATE utf8_bin NULL DEFAULT NULL,
  `DOUBLE_` double NULL DEFAULT NULL,
  `LONG_` bigint(20) NULL DEFAULT NULL,
  `TEXT_` varchar(4000) CHARACTER SET utf8 COLLATE utf8_bin NULL DEFAULT NULL,
  `TEXT2_` varchar(4000) CHARACTER SET utf8 COLLATE utf8_bin NULL DEFAULT NULL,
  PRIMARY KEY (`ID_`) USING BTREE,
  INDEX `ACT_IDX_HI_DETAIL_PROC_INST`(`PROC_INST_ID_`) USING BTREE,
  INDEX `ACT_IDX_HI_DETAIL_ACT_INST`(`ACT_INST_ID_`) USING BTREE,
  INDEX `ACT_IDX_HI_DETAIL_TIME`(`TIME_`) USING BTREE,
  INDEX `ACT_IDX_HI_DETAIL_NAME`(`NAME_`) USING BTREE,
  INDEX `ACT_IDX_HI_DETAIL_TASK_ID`(`TASK_ID_`) USING BTREE
) ENGINE = InnoDB CHARACTER SET = utf8 COLLATE = utf8_bin ROW_FORMAT = Dynamic;

-- ----------------------------
-- Records of act_hi_detail
-- ----------------------------

-- ----------------------------
-- Table structure for act_hi_identitylink
-- ----------------------------
DROP TABLE IF EXISTS `act_hi_identitylink`;
CREATE TABLE `act_hi_identitylink`  (
  `ID_` varchar(64) CHARACTER SET utf8 COLLATE utf8_bin NOT NULL,
  `GROUP_ID_` varchar(255) CHARACTER SET utf8 COLLATE utf8_bin NULL DEFAULT NULL,
  `TYPE_` varchar(255) CHARACTER SET utf8 COLLATE utf8_bin NULL DEFAULT NULL,
  `USER_ID_` varchar(255) CHARACTER SET utf8 COLLATE utf8_bin NULL DEFAULT NULL,
  `TASK_ID_` varchar(64) CHARACTER SET utf8 COLLATE utf8_bin NULL DEFAULT NULL,
  `PROC_INST_ID_` varchar(64) CHARACTER SET utf8 COLLATE utf8_bin NULL DEFAULT NULL,
  PRIMARY KEY (`ID_`) USING BTREE,
  INDEX `ACT_IDX_HI_IDENT_LNK_USER`(`USER_ID_`) USING BTREE,
  INDEX `ACT_IDX_HI_IDENT_LNK_TASK`(`TASK_ID_`) USING BTREE,
  INDEX `ACT_IDX_HI_IDENT_LNK_PROCINST`(`PROC_INST_ID_`) USING BTREE
) ENGINE = InnoDB CHARACTER SET = utf8 COLLATE = utf8_bin ROW_FORMAT = Dynamic;

-- ----------------------------
-- Records of act_hi_identitylink
-- ----------------------------
INSERT INTO `act_hi_identitylink` VALUES ('22', NULL, 'participant', '小可爱', NULL, '8');
INSERT INTO `act_hi_identitylink` VALUES ('2502', NULL, 'starter', '小狗', NULL, '2501');
INSERT INTO `act_hi_identitylink` VALUES ('2514', NULL, 'starter', '小狗', NULL, '2513');
INSERT INTO `act_hi_identitylink` VALUES ('5007', NULL, 'participant', '小可爱', NULL, '2513');
INSERT INTO `act_hi_identitylink` VALUES ('9', NULL, 'starter', '小狗', NULL, '8');

-- ----------------------------
-- Table structure for act_hi_procinst
-- ----------------------------
DROP TABLE IF EXISTS `act_hi_procinst`;
CREATE TABLE `act_hi_procinst`  (
  `ID_` varchar(64) CHARACTER SET utf8 COLLATE utf8_bin NOT NULL,
  `PROC_INST_ID_` varchar(64) CHARACTER SET utf8 COLLATE utf8_bin NOT NULL,
  `BUSINESS_KEY_` varchar(255) CHARACTER SET utf8 COLLATE utf8_bin NULL DEFAULT NULL,
  `PROC_DEF_ID_` varchar(64) CHARACTER SET utf8 COLLATE utf8_bin NOT NULL,
  `START_TIME_` datetime(3) NOT NULL,
  `END_TIME_` datetime(3) NULL DEFAULT NULL,
  `DURATION_` bigint(20) NULL DEFAULT NULL,
  `START_USER_ID_` varchar(255) CHARACTER SET utf8 COLLATE utf8_bin NULL DEFAULT NULL,
  `START_ACT_ID_` varchar(255) CHARACTER SET utf8 COLLATE utf8_bin NULL DEFAULT NULL,
  `END_ACT_ID_` varchar(255) CHARACTER SET utf8 COLLATE utf8_bin NULL DEFAULT NULL,
  `SUPER_PROCESS_INSTANCE_ID_` varchar(64) CHARACTER SET utf8 COLLATE utf8_bin NULL DEFAULT NULL,
  `DELETE_REASON_` varchar(4000) CHARACTER SET utf8 COLLATE utf8_bin NULL DEFAULT NULL,
  `TENANT_ID_` varchar(255) CHARACTER SET utf8 COLLATE utf8_bin NULL DEFAULT '',
  `NAME_` varchar(255) CHARACTER SET utf8 COLLATE utf8_bin NULL DEFAULT NULL,
  PRIMARY KEY (`ID_`) USING BTREE,
  UNIQUE INDEX `PROC_INST_ID_`(`PROC_INST_ID_`) USING BTREE,
  INDEX `ACT_IDX_HI_PRO_INST_END`(`END_TIME_`) USING BTREE,
  INDEX `ACT_IDX_HI_PRO_I_BUSKEY`(`BUSINESS_KEY_`) USING BTREE
) ENGINE = InnoDB CHARACTER SET = utf8 COLLATE = utf8_bin ROW_FORMAT = Dynamic;

-- ----------------------------
-- Records of act_hi_procinst
-- ----------------------------
INSERT INTO `act_hi_procinst` VALUES ('2501', '2501', 'Leave_168', 'Leave:1:7', '2021-04-22 19:22:36.179', NULL, NULL, '小狗', 'sid-51ED2FF5-8864-49F3-AFFB-0CFA3C69FF9C', NULL, NULL, NULL, '', NULL);
INSERT INTO `act_hi_procinst` VALUES ('2513', '2513', 'Leave_169', 'Leave:2:2512', '2021-04-22 20:45:31.814', NULL, NULL, '小狗', 'sid-51ED2FF5-8864-49F3-AFFB-0CFA3C69FF9C', NULL, NULL, NULL, '', NULL);
INSERT INTO `act_hi_procinst` VALUES ('8', '8', 'Leave_167', 'Leave:1:7', '2021-04-19 21:43:39.253', NULL, NULL, '小狗', 'sid-51ED2FF5-8864-49F3-AFFB-0CFA3C69FF9C', NULL, NULL, NULL, '', NULL);

-- ----------------------------
-- Table structure for act_hi_taskinst
-- ----------------------------
DROP TABLE IF EXISTS `act_hi_taskinst`;
CREATE TABLE `act_hi_taskinst`  (
  `ID_` varchar(64) CHARACTER SET utf8 COLLATE utf8_bin NOT NULL,
  `PROC_DEF_ID_` varchar(64) CHARACTER SET utf8 COLLATE utf8_bin NULL DEFAULT NULL,
  `TASK_DEF_KEY_` varchar(255) CHARACTER SET utf8 COLLATE utf8_bin NULL DEFAULT NULL,
  `PROC_INST_ID_` varchar(64) CHARACTER SET utf8 COLLATE utf8_bin NULL DEFAULT NULL,
  `EXECUTION_ID_` varchar(64) CHARACTER SET utf8 COLLATE utf8_bin NULL DEFAULT NULL,
  `NAME_` varchar(255) CHARACTER SET utf8 COLLATE utf8_bin NULL DEFAULT NULL,
  `PARENT_TASK_ID_` varchar(64) CHARACTER SET utf8 COLLATE utf8_bin NULL DEFAULT NULL,
  `DESCRIPTION_` varchar(4000) CHARACTER SET utf8 COLLATE utf8_bin NULL DEFAULT NULL,
  `OWNER_` varchar(255) CHARACTER SET utf8 COLLATE utf8_bin NULL DEFAULT NULL,
  `ASSIGNEE_` varchar(255) CHARACTER SET utf8 COLLATE utf8_bin NULL DEFAULT NULL,
  `START_TIME_` datetime(3) NOT NULL,
  `CLAIM_TIME_` datetime(3) NULL DEFAULT NULL,
  `END_TIME_` datetime(3) NULL DEFAULT NULL,
  `DURATION_` bigint(20) NULL DEFAULT NULL,
  `DELETE_REASON_` varchar(4000) CHARACTER SET utf8 COLLATE utf8_bin NULL DEFAULT NULL,
  `PRIORITY_` int(11) NULL DEFAULT NULL,
  `DUE_DATE_` datetime(3) NULL DEFAULT NULL,
  `FORM_KEY_` varchar(255) CHARACTER SET utf8 COLLATE utf8_bin NULL DEFAULT NULL,
  `CATEGORY_` varchar(255) CHARACTER SET utf8 COLLATE utf8_bin NULL DEFAULT NULL,
  `TENANT_ID_` varchar(255) CHARACTER SET utf8 COLLATE utf8_bin NULL DEFAULT '',
  PRIMARY KEY (`ID_`) USING BTREE,
  INDEX `ACT_IDX_HI_TASK_INST_PROCINST`(`PROC_INST_ID_`) USING BTREE
) ENGINE = InnoDB CHARACTER SET = utf8 COLLATE = utf8_bin ROW_FORMAT = Dynamic;

-- ----------------------------
-- Records of act_hi_taskinst
-- ----------------------------
INSERT INTO `act_hi_taskinst` VALUES ('15', 'Leave:1:7', 'sid-2F48C93B-41C0-4F80-9EF2-D22465136B57', '8', '8', '小狗审批', NULL, NULL, NULL, '小狗', '2021-04-19 21:43:39.291', NULL, '2021-04-19 21:48:12.431', 273140, 'completed', 50, NULL, NULL, NULL, '');
INSERT INTO `act_hi_taskinst` VALUES ('21', 'Leave:1:7', 'sid-E6D7FD4F-DC91-49C4-B617-D86226710E0B', '8', '8', '小可爱审批', NULL, NULL, NULL, '小可爱', '2021-04-19 21:48:12.442', NULL, NULL, NULL, NULL, 50, NULL, NULL, NULL, '');
INSERT INTO `act_hi_taskinst` VALUES ('2508', 'Leave:1:7', 'sid-2F48C93B-41C0-4F80-9EF2-D22465136B57', '2501', '2501', '小狗审批', NULL, NULL, NULL, '小狗', '2021-04-22 19:22:36.228', NULL, NULL, NULL, NULL, 50, NULL, NULL, NULL, '');
INSERT INTO `act_hi_taskinst` VALUES ('2520', 'Leave:2:2512', 'sid-2F48C93B-41C0-4F80-9EF2-D22465136B57', '2513', '2513', '小狗审批', NULL, NULL, NULL, '小狗', '2021-04-22 20:45:31.817', NULL, '2021-04-22 23:38:25.939', 10374122, 'completed', 50, NULL, 'form1', NULL, '');
INSERT INTO `act_hi_taskinst` VALUES ('5006', 'Leave:2:2512', 'sid-E6D7FD4F-DC91-49C4-B617-D86226710E0B', '2513', '2513', '小可爱审批', NULL, NULL, NULL, '小可爱', '2021-04-22 23:38:26.056', NULL, NULL, NULL, NULL, 50, NULL, NULL, NULL, '');

-- ----------------------------
-- Table structure for act_hi_varinst
-- ----------------------------
DROP TABLE IF EXISTS `act_hi_varinst`;
CREATE TABLE `act_hi_varinst`  (
  `ID_` varchar(64) CHARACTER SET utf8 COLLATE utf8_bin NOT NULL,
  `PROC_INST_ID_` varchar(64) CHARACTER SET utf8 COLLATE utf8_bin NULL DEFAULT NULL,
  `EXECUTION_ID_` varchar(64) CHARACTER SET utf8 COLLATE utf8_bin NULL DEFAULT NULL,
  `TASK_ID_` varchar(64) CHARACTER SET utf8 COLLATE utf8_bin NULL DEFAULT NULL,
  `NAME_` varchar(255) CHARACTER SET utf8 COLLATE utf8_bin NOT NULL,
  `VAR_TYPE_` varchar(100) CHARACTER SET utf8 COLLATE utf8_bin NULL DEFAULT NULL,
  `REV_` int(11) NULL DEFAULT NULL,
  `BYTEARRAY_ID_` varchar(64) CHARACTER SET utf8 COLLATE utf8_bin NULL DEFAULT NULL,
  `DOUBLE_` double NULL DEFAULT NULL,
  `LONG_` bigint(20) NULL DEFAULT NULL,
  `TEXT_` varchar(4000) CHARACTER SET utf8 COLLATE utf8_bin NULL DEFAULT NULL,
  `TEXT2_` varchar(4000) CHARACTER SET utf8 COLLATE utf8_bin NULL DEFAULT NULL,
  `CREATE_TIME_` datetime(3) NULL DEFAULT NULL,
  `LAST_UPDATED_TIME_` datetime(3) NULL DEFAULT NULL,
  PRIMARY KEY (`ID_`) USING BTREE,
  INDEX `ACT_IDX_HI_PROCVAR_PROC_INST`(`PROC_INST_ID_`) USING BTREE,
  INDEX `ACT_IDX_HI_PROCVAR_NAME_TYPE`(`NAME_`, `VAR_TYPE_`) USING BTREE,
  INDEX `ACT_IDX_HI_PROCVAR_TASK_ID`(`TASK_ID_`) USING BTREE
) ENGINE = InnoDB CHARACTER SET = utf8 COLLATE = utf8_bin ROW_FORMAT = Dynamic;

-- ----------------------------
-- Records of act_hi_varinst
-- ----------------------------
INSERT INTO `act_hi_varinst` VALUES ('11', '8', '8', NULL, 'classpath', 'string', 0, NULL, NULL, NULL, 'com.entfrm.biz.activiti.entity.Leave', NULL, '2021-04-19 21:43:39.254', '2021-04-19 21:43:39.254');
INSERT INTO `act_hi_varinst` VALUES ('12', '8', '8', NULL, 'idField', 'string', 0, NULL, NULL, NULL, 'id', NULL, '2021-04-19 21:43:39.255', '2021-04-19 21:43:39.255');
INSERT INTO `act_hi_varinst` VALUES ('13', '8', '8', NULL, 'businessTitle', 'string', 0, NULL, NULL, NULL, '【请假】申请单', NULL, '2021-04-19 21:43:39.255', '2021-04-19 21:43:39.255');
INSERT INTO `act_hi_varinst` VALUES ('17', '8', '8', NULL, 'type', 'string', 0, NULL, NULL, NULL, '1', NULL, '2021-04-19 21:48:12.425', '2021-04-19 21:48:12.425');
INSERT INTO `act_hi_varinst` VALUES ('18', '8', '8', NULL, 'days', 'integer', 0, NULL, NULL, 1, '1', NULL, '2021-04-19 21:48:12.425', '2021-04-19 21:48:12.425');
INSERT INTO `act_hi_varinst` VALUES ('19', '8', '8', NULL, 'flag', 'string', 0, NULL, NULL, NULL, '审批', NULL, '2021-04-19 21:48:12.425', '2021-04-19 21:48:12.425');
INSERT INTO `act_hi_varinst` VALUES ('2504', '2501', '2501', NULL, 'classpath', 'string', 0, NULL, NULL, NULL, 'com.entfrm.biz.activiti.entity.Leave', NULL, '2021-04-22 19:22:36.179', '2021-04-22 19:22:36.179');
INSERT INTO `act_hi_varinst` VALUES ('2505', '2501', '2501', NULL, 'idField', 'string', 0, NULL, NULL, NULL, 'id', NULL, '2021-04-22 19:22:36.181', '2021-04-22 19:22:36.181');
INSERT INTO `act_hi_varinst` VALUES ('2506', '2501', '2501', NULL, 'businessTitle', 'string', 0, NULL, NULL, NULL, '【请假】申请单', NULL, '2021-04-22 19:22:36.181', '2021-04-22 19:22:36.181');
INSERT INTO `act_hi_varinst` VALUES ('2516', '2513', '2513', NULL, 'classpath', 'string', 0, NULL, NULL, NULL, 'com.entfrm.biz.activiti.entity.Leave', NULL, '2021-04-22 20:45:31.814', '2021-04-22 20:45:31.814');
INSERT INTO `act_hi_varinst` VALUES ('2517', '2513', '2513', NULL, 'idField', 'string', 0, NULL, NULL, NULL, 'id', NULL, '2021-04-22 20:45:31.814', '2021-04-22 20:45:31.814');
INSERT INTO `act_hi_varinst` VALUES ('2518', '2513', '2513', NULL, 'businessTitle', 'string', 0, NULL, NULL, NULL, '【请假】申请单', NULL, '2021-04-22 20:45:31.814', '2021-04-22 20:45:31.814');
INSERT INTO `act_hi_varinst` VALUES ('5002', '2513', '2513', NULL, 'type', 'string', 0, NULL, NULL, NULL, '事假', NULL, '2021-04-22 23:38:25.907', '2021-04-22 23:38:25.907');
INSERT INTO `act_hi_varinst` VALUES ('5003', '2513', '2513', NULL, 'days', 'integer', 0, NULL, NULL, 1, '1', NULL, '2021-04-22 23:38:25.909', '2021-04-22 23:38:25.909');
INSERT INTO `act_hi_varinst` VALUES ('5004', '2513', '2513', NULL, 'flag', 'string', 0, NULL, NULL, NULL, '审批', NULL, '2021-04-22 23:38:25.909', '2021-04-22 23:38:25.909');

-- ----------------------------
-- Table structure for act_id_group
-- ----------------------------
DROP TABLE IF EXISTS `act_id_group`;
CREATE TABLE `act_id_group`  (
  `ID_` varchar(64) CHARACTER SET utf8 COLLATE utf8_bin NOT NULL,
  `REV_` int(11) NULL DEFAULT NULL,
  `NAME_` varchar(255) CHARACTER SET utf8 COLLATE utf8_bin NULL DEFAULT NULL,
  `TYPE_` varchar(255) CHARACTER SET utf8 COLLATE utf8_bin NULL DEFAULT NULL,
  PRIMARY KEY (`ID_`) USING BTREE
) ENGINE = InnoDB CHARACTER SET = utf8 COLLATE = utf8_bin ROW_FORMAT = Dynamic;

-- ----------------------------
-- Records of act_id_group
-- ----------------------------

-- ----------------------------
-- Table structure for act_id_info
-- ----------------------------
DROP TABLE IF EXISTS `act_id_info`;
CREATE TABLE `act_id_info`  (
  `ID_` varchar(64) CHARACTER SET utf8 COLLATE utf8_bin NOT NULL,
  `REV_` int(11) NULL DEFAULT NULL,
  `USER_ID_` varchar(64) CHARACTER SET utf8 COLLATE utf8_bin NULL DEFAULT NULL,
  `TYPE_` varchar(64) CHARACTER SET utf8 COLLATE utf8_bin NULL DEFAULT NULL,
  `KEY_` varchar(255) CHARACTER SET utf8 COLLATE utf8_bin NULL DEFAULT NULL,
  `VALUE_` varchar(255) CHARACTER SET utf8 COLLATE utf8_bin NULL DEFAULT NULL,
  `PASSWORD_` longblob NULL,
  `PARENT_ID_` varchar(255) CHARACTER SET utf8 COLLATE utf8_bin NULL DEFAULT NULL,
  PRIMARY KEY (`ID_`) USING BTREE
) ENGINE = InnoDB CHARACTER SET = utf8 COLLATE = utf8_bin ROW_FORMAT = Dynamic;

-- ----------------------------
-- Records of act_id_info
-- ----------------------------

-- ----------------------------
-- Table structure for act_id_membership
-- ----------------------------
DROP TABLE IF EXISTS `act_id_membership`;
CREATE TABLE `act_id_membership`  (
  `USER_ID_` varchar(64) CHARACTER SET utf8 COLLATE utf8_bin NOT NULL,
  `GROUP_ID_` varchar(64) CHARACTER SET utf8 COLLATE utf8_bin NOT NULL,
  PRIMARY KEY (`USER_ID_`, `GROUP_ID_`) USING BTREE,
  INDEX `ACT_FK_MEMB_GROUP`(`GROUP_ID_`) USING BTREE,
  CONSTRAINT `ACT_FK_MEMB_GROUP` FOREIGN KEY (`GROUP_ID_`) REFERENCES `act_id_group` (`ID_`) ON DELETE RESTRICT ON UPDATE RESTRICT,
  CONSTRAINT `ACT_FK_MEMB_USER` FOREIGN KEY (`USER_ID_`) REFERENCES `act_id_user` (`ID_`) ON DELETE RESTRICT ON UPDATE RESTRICT
) ENGINE = InnoDB CHARACTER SET = utf8 COLLATE = utf8_bin ROW_FORMAT = Dynamic;

-- ----------------------------
-- Records of act_id_membership
-- ----------------------------

-- ----------------------------
-- Table structure for act_id_user
-- ----------------------------
DROP TABLE IF EXISTS `act_id_user`;
CREATE TABLE `act_id_user`  (
  `ID_` varchar(64) CHARACTER SET utf8 COLLATE utf8_bin NOT NULL,
  `REV_` int(11) NULL DEFAULT NULL,
  `FIRST_` varchar(255) CHARACTER SET utf8 COLLATE utf8_bin NULL DEFAULT NULL,
  `LAST_` varchar(255) CHARACTER SET utf8 COLLATE utf8_bin NULL DEFAULT NULL,
  `EMAIL_` varchar(255) CHARACTER SET utf8 COLLATE utf8_bin NULL DEFAULT NULL,
  `PWD_` varchar(255) CHARACTER SET utf8 COLLATE utf8_bin NULL DEFAULT NULL,
  `PICTURE_ID_` varchar(64) CHARACTER SET utf8 COLLATE utf8_bin NULL DEFAULT NULL,
  PRIMARY KEY (`ID_`) USING BTREE
) ENGINE = InnoDB CHARACTER SET = utf8 COLLATE = utf8_bin ROW_FORMAT = Dynamic;

-- ----------------------------
-- Records of act_id_user
-- ----------------------------

-- ----------------------------
-- Table structure for act_leave
-- ----------------------------
DROP TABLE IF EXISTS `act_leave`;
CREATE TABLE `act_leave`  (
  `id` int(11) NOT NULL AUTO_INCREMENT COMMENT '主键',
  `user_name` varchar(40) CHARACTER SET utf8mb4 COLLATE utf8mb4_general_ci NULL DEFAULT NULL COMMENT '用户名',
  `type` char(1) CHARACTER SET utf8mb4 COLLATE utf8mb4_general_ci NULL DEFAULT NULL COMMENT '0事假 1病假 2产假',
  `cause` varchar(255) CHARACTER SET utf8mb4 COLLATE utf8mb4_general_ci NULL DEFAULT NULL COMMENT '事由',
  `leave_time` datetime(0) NULL DEFAULT NULL COMMENT '请假时间',
  `days` int(4) NULL DEFAULT NULL COMMENT '请假天数',
  `status` char(1) CHARACTER SET utf8mb4 COLLATE utf8mb4_general_ci NULL DEFAULT '0' COMMENT '0未提交 1未审核 2批准 9驳回',
  `create_by` varchar(64) CHARACTER SET utf8mb4 COLLATE utf8mb4_general_ci NULL DEFAULT '' COMMENT '创建者',
  `create_time` datetime(0) NULL DEFAULT NULL COMMENT '创建时间',
  `update_by` varchar(64) CHARACTER SET utf8mb4 COLLATE utf8mb4_general_ci NULL DEFAULT '' COMMENT '更新者',
  `update_time` datetime(0) NULL DEFAULT NULL COMMENT '更新时间',
  `remarks` varchar(500) CHARACTER SET utf8mb4 COLLATE utf8mb4_general_ci NULL DEFAULT NULL COMMENT '备注',
  `del_flag` char(1) CHARACTER SET utf8mb4 COLLATE utf8mb4_general_ci NULL DEFAULT '0' COMMENT '删除标志（0正常 1删除）',
  PRIMARY KEY (`id`) USING BTREE
) ENGINE = InnoDB AUTO_INCREMENT = 170 CHARACTER SET = utf8mb4 COLLATE = utf8mb4_general_ci ROW_FORMAT = DYNAMIC;

-- ----------------------------
-- Records of act_leave
-- ----------------------------
INSERT INTO `act_leave` VALUES (167, '小狗', '1', '我想飞', '2021-04-06 00:00:00', 1, '1', '小狗', '2021-04-19 21:43:36', '', '2021-04-19 21:43:40', NULL, '0');
INSERT INTO `act_leave` VALUES (168, '小狗', '1', '我有病', '2021-04-07 00:00:00', 1, '1', '小狗', '2021-04-22 19:22:33', '', '2021-04-22 19:22:37', NULL, '0');
INSERT INTO `act_leave` VALUES (169, '小狗', '1', '我最终迷失了自我', '2021-04-08 00:00:00', 1, '1', '小狗', '2021-04-22 20:45:29', '', '2021-04-22 20:45:32', NULL, '0');

-- ----------------------------
-- Table structure for act_procdef_info
-- ----------------------------
DROP TABLE IF EXISTS `act_procdef_info`;
CREATE TABLE `act_procdef_info`  (
  `ID_` varchar(64) CHARACTER SET utf8 COLLATE utf8_bin NOT NULL,
  `PROC_DEF_ID_` varchar(64) CHARACTER SET utf8 COLLATE utf8_bin NOT NULL,
  `REV_` int(11) NULL DEFAULT NULL,
  `INFO_JSON_ID_` varchar(64) CHARACTER SET utf8 COLLATE utf8_bin NULL DEFAULT NULL,
  PRIMARY KEY (`ID_`) USING BTREE,
  UNIQUE INDEX `ACT_UNIQ_INFO_PROCDEF`(`PROC_DEF_ID_`) USING BTREE,
  INDEX `ACT_IDX_INFO_PROCDEF`(`PROC_DEF_ID_`) USING BTREE,
  INDEX `ACT_FK_INFO_JSON_BA`(`INFO_JSON_ID_`) USING BTREE,
  CONSTRAINT `ACT_FK_INFO_JSON_BA` FOREIGN KEY (`INFO_JSON_ID_`) REFERENCES `act_ge_bytearray` (`ID_`) ON DELETE RESTRICT ON UPDATE RESTRICT,
  CONSTRAINT `ACT_FK_INFO_PROCDEF` FOREIGN KEY (`PROC_DEF_ID_`) REFERENCES `act_re_procdef` (`ID_`) ON DELETE RESTRICT ON UPDATE RESTRICT
) ENGINE = InnoDB CHARACTER SET = utf8 COLLATE = utf8_bin ROW_FORMAT = Dynamic;

-- ----------------------------
-- Records of act_procdef_info
-- ----------------------------

-- ----------------------------
-- Table structure for act_re_deployment
-- ----------------------------
DROP TABLE IF EXISTS `act_re_deployment`;
CREATE TABLE `act_re_deployment`  (
  `ID_` varchar(64) CHARACTER SET utf8 COLLATE utf8_bin NOT NULL,
  `NAME_` varchar(255) CHARACTER SET utf8 COLLATE utf8_bin NULL DEFAULT NULL,
  `CATEGORY_` varchar(255) CHARACTER SET utf8 COLLATE utf8_bin NULL DEFAULT NULL,
  `TENANT_ID_` varchar(255) CHARACTER SET utf8 COLLATE utf8_bin NULL DEFAULT '',
  `DEPLOY_TIME_` timestamp(3) NULL DEFAULT NULL,
  PRIMARY KEY (`ID_`) USING BTREE
) ENGINE = InnoDB CHARACTER SET = utf8 COLLATE = utf8_bin ROW_FORMAT = Dynamic;

-- ----------------------------
-- Records of act_re_deployment
-- ----------------------------
INSERT INTO `act_re_deployment` VALUES ('2509', '请假实例', NULL, '', '2021-04-22 20:44:45.760');
INSERT INTO `act_re_deployment` VALUES ('4', '请假实例', NULL, '', '2021-04-19 21:42:12.766');

-- ----------------------------
-- Table structure for act_re_model
-- ----------------------------
DROP TABLE IF EXISTS `act_re_model`;
CREATE TABLE `act_re_model`  (
  `ID_` varchar(64) CHARACTER SET utf8 COLLATE utf8_bin NOT NULL,
  `REV_` int(11) NULL DEFAULT NULL,
  `NAME_` varchar(255) CHARACTER SET utf8 COLLATE utf8_bin NULL DEFAULT NULL,
  `KEY_` varchar(255) CHARACTER SET utf8 COLLATE utf8_bin NULL DEFAULT NULL,
  `CATEGORY_` varchar(255) CHARACTER SET utf8 COLLATE utf8_bin NULL DEFAULT NULL,
  `CREATE_TIME_` timestamp(3) NULL DEFAULT NULL,
  `LAST_UPDATE_TIME_` timestamp(3) NULL DEFAULT NULL,
  `VERSION_` int(11) NULL DEFAULT NULL,
  `META_INFO_` varchar(4000) CHARACTER SET utf8 COLLATE utf8_bin NULL DEFAULT NULL,
  `DEPLOYMENT_ID_` varchar(64) CHARACTER SET utf8 COLLATE utf8_bin NULL DEFAULT NULL,
  `EDITOR_SOURCE_VALUE_ID_` varchar(64) CHARACTER SET utf8 COLLATE utf8_bin NULL DEFAULT NULL,
  `EDITOR_SOURCE_EXTRA_VALUE_ID_` varchar(64) CHARACTER SET utf8 COLLATE utf8_bin NULL DEFAULT NULL,
  `TENANT_ID_` varchar(255) CHARACTER SET utf8 COLLATE utf8_bin NULL DEFAULT '',
  PRIMARY KEY (`ID_`) USING BTREE,
  INDEX `ACT_FK_MODEL_SOURCE`(`EDITOR_SOURCE_VALUE_ID_`) USING BTREE,
  INDEX `ACT_FK_MODEL_SOURCE_EXTRA`(`EDITOR_SOURCE_EXTRA_VALUE_ID_`) USING BTREE,
  INDEX `ACT_FK_MODEL_DEPLOYMENT`(`DEPLOYMENT_ID_`) USING BTREE,
  CONSTRAINT `ACT_FK_MODEL_DEPLOYMENT` FOREIGN KEY (`DEPLOYMENT_ID_`) REFERENCES `act_re_deployment` (`ID_`) ON DELETE RESTRICT ON UPDATE RESTRICT,
  CONSTRAINT `ACT_FK_MODEL_SOURCE` FOREIGN KEY (`EDITOR_SOURCE_VALUE_ID_`) REFERENCES `act_ge_bytearray` (`ID_`) ON DELETE RESTRICT ON UPDATE RESTRICT,
  CONSTRAINT `ACT_FK_MODEL_SOURCE_EXTRA` FOREIGN KEY (`EDITOR_SOURCE_EXTRA_VALUE_ID_`) REFERENCES `act_ge_bytearray` (`ID_`) ON DELETE RESTRICT ON UPDATE RESTRICT
) ENGINE = InnoDB CHARACTER SET = utf8 COLLATE = utf8_bin ROW_FORMAT = Dynamic;

-- ----------------------------
-- Records of act_re_model
-- ----------------------------
INSERT INTO `act_re_model` VALUES ('1', 5, '请假实例', 'Leave', 'office', '2021-04-19 21:39:29.899', '2021-04-22 20:44:42.400', 1, '{\"name\":\"请假实例\",\"revision\":1,\"description\":\"请假实例\"}', NULL, '2', '3', '');

-- ----------------------------
-- Table structure for act_re_procdef
-- ----------------------------
DROP TABLE IF EXISTS `act_re_procdef`;
CREATE TABLE `act_re_procdef`  (
  `ID_` varchar(64) CHARACTER SET utf8 COLLATE utf8_bin NOT NULL,
  `REV_` int(11) NULL DEFAULT NULL,
  `CATEGORY_` varchar(255) CHARACTER SET utf8 COLLATE utf8_bin NULL DEFAULT NULL,
  `NAME_` varchar(255) CHARACTER SET utf8 COLLATE utf8_bin NULL DEFAULT NULL,
  `KEY_` varchar(255) CHARACTER SET utf8 COLLATE utf8_bin NOT NULL,
  `VERSION_` int(11) NOT NULL,
  `DEPLOYMENT_ID_` varchar(64) CHARACTER SET utf8 COLLATE utf8_bin NULL DEFAULT NULL,
  `RESOURCE_NAME_` varchar(4000) CHARACTER SET utf8 COLLATE utf8_bin NULL DEFAULT NULL,
  `DGRM_RESOURCE_NAME_` varchar(4000) CHARACTER SET utf8 COLLATE utf8_bin NULL DEFAULT NULL,
  `DESCRIPTION_` varchar(4000) CHARACTER SET utf8 COLLATE utf8_bin NULL DEFAULT NULL,
  `HAS_START_FORM_KEY_` tinyint(4) NULL DEFAULT NULL,
  `HAS_GRAPHICAL_NOTATION_` tinyint(4) NULL DEFAULT NULL,
  `SUSPENSION_STATE_` int(11) NULL DEFAULT NULL,
  `TENANT_ID_` varchar(255) CHARACTER SET utf8 COLLATE utf8_bin NULL DEFAULT '',
  PRIMARY KEY (`ID_`) USING BTREE,
  UNIQUE INDEX `ACT_UNIQ_PROCDEF`(`KEY_`, `VERSION_`, `TENANT_ID_`) USING BTREE
) ENGINE = InnoDB CHARACTER SET = utf8 COLLATE = utf8_bin ROW_FORMAT = Dynamic;

-- ----------------------------
-- Records of act_re_procdef
-- ----------------------------
INSERT INTO `act_re_procdef` VALUES ('Leave:1:7', 2, 'office', '请假实例', 'Leave', 1, '4', '请假实例.bpmn20.xml', '请假实例.Leave.png', NULL, 0, 1, 1, '');
INSERT INTO `act_re_procdef` VALUES ('Leave:2:2512', 2, 'office', '请假实例', 'Leave', 2, '2509', '请假实例.bpmn20.xml', '请假实例.Leave.png', NULL, 0, 1, 1, '');

-- ----------------------------
-- Table structure for act_ru_event_subscr
-- ----------------------------
DROP TABLE IF EXISTS `act_ru_event_subscr`;
CREATE TABLE `act_ru_event_subscr`  (
  `ID_` varchar(64) CHARACTER SET utf8 COLLATE utf8_bin NOT NULL,
  `REV_` int(11) NULL DEFAULT NULL,
  `EVENT_TYPE_` varchar(255) CHARACTER SET utf8 COLLATE utf8_bin NOT NULL,
  `EVENT_NAME_` varchar(255) CHARACTER SET utf8 COLLATE utf8_bin NULL DEFAULT NULL,
  `EXECUTION_ID_` varchar(64) CHARACTER SET utf8 COLLATE utf8_bin NULL DEFAULT NULL,
  `PROC_INST_ID_` varchar(64) CHARACTER SET utf8 COLLATE utf8_bin NULL DEFAULT NULL,
  `ACTIVITY_ID_` varchar(64) CHARACTER SET utf8 COLLATE utf8_bin NULL DEFAULT NULL,
  `CONFIGURATION_` varchar(255) CHARACTER SET utf8 COLLATE utf8_bin NULL DEFAULT NULL,
  `CREATED_` timestamp(3) NOT NULL DEFAULT CURRENT_TIMESTAMP(3),
  `PROC_DEF_ID_` varchar(64) CHARACTER SET utf8 COLLATE utf8_bin NULL DEFAULT NULL,
  `TENANT_ID_` varchar(255) CHARACTER SET utf8 COLLATE utf8_bin NULL DEFAULT '',
  PRIMARY KEY (`ID_`) USING BTREE,
  INDEX `ACT_IDX_EVENT_SUBSCR_CONFIG_`(`CONFIGURATION_`) USING BTREE,
  INDEX `ACT_FK_EVENT_EXEC`(`EXECUTION_ID_`) USING BTREE,
  CONSTRAINT `ACT_FK_EVENT_EXEC` FOREIGN KEY (`EXECUTION_ID_`) REFERENCES `act_ru_execution` (`ID_`) ON DELETE RESTRICT ON UPDATE RESTRICT
) ENGINE = InnoDB CHARACTER SET = utf8 COLLATE = utf8_bin ROW_FORMAT = Dynamic;

-- ----------------------------
-- Records of act_ru_event_subscr
-- ----------------------------

-- ----------------------------
-- Table structure for act_ru_execution
-- ----------------------------
DROP TABLE IF EXISTS `act_ru_execution`;
CREATE TABLE `act_ru_execution`  (
  `ID_` varchar(64) CHARACTER SET utf8 COLLATE utf8_bin NOT NULL,
  `REV_` int(11) NULL DEFAULT NULL,
  `PROC_INST_ID_` varchar(64) CHARACTER SET utf8 COLLATE utf8_bin NULL DEFAULT NULL,
  `BUSINESS_KEY_` varchar(255) CHARACTER SET utf8 COLLATE utf8_bin NULL DEFAULT NULL,
  `PARENT_ID_` varchar(64) CHARACTER SET utf8 COLLATE utf8_bin NULL DEFAULT NULL,
  `PROC_DEF_ID_` varchar(64) CHARACTER SET utf8 COLLATE utf8_bin NULL DEFAULT NULL,
  `SUPER_EXEC_` varchar(64) CHARACTER SET utf8 COLLATE utf8_bin NULL DEFAULT NULL,
  `ACT_ID_` varchar(255) CHARACTER SET utf8 COLLATE utf8_bin NULL DEFAULT NULL,
  `IS_ACTIVE_` tinyint(4) NULL DEFAULT NULL,
  `IS_CONCURRENT_` tinyint(4) NULL DEFAULT NULL,
  `IS_SCOPE_` tinyint(4) NULL DEFAULT NULL,
  `IS_EVENT_SCOPE_` tinyint(4) NULL DEFAULT NULL,
  `SUSPENSION_STATE_` int(11) NULL DEFAULT NULL,
  `CACHED_ENT_STATE_` int(11) NULL DEFAULT NULL,
  `TENANT_ID_` varchar(255) CHARACTER SET utf8 COLLATE utf8_bin NULL DEFAULT '',
  `NAME_` varchar(255) CHARACTER SET utf8 COLLATE utf8_bin NULL DEFAULT NULL,
  `LOCK_TIME_` timestamp(3) NULL DEFAULT NULL,
  PRIMARY KEY (`ID_`) USING BTREE,
  INDEX `ACT_IDX_EXEC_BUSKEY`(`BUSINESS_KEY_`) USING BTREE,
  INDEX `ACT_FK_EXE_PROCINST`(`PROC_INST_ID_`) USING BTREE,
  INDEX `ACT_FK_EXE_PARENT`(`PARENT_ID_`) USING BTREE,
  INDEX `ACT_FK_EXE_SUPER`(`SUPER_EXEC_`) USING BTREE,
  INDEX `ACT_FK_EXE_PROCDEF`(`PROC_DEF_ID_`) USING BTREE,
  CONSTRAINT `ACT_FK_EXE_PARENT` FOREIGN KEY (`PARENT_ID_`) REFERENCES `act_ru_execution` (`ID_`) ON DELETE RESTRICT ON UPDATE RESTRICT,
  CONSTRAINT `ACT_FK_EXE_PROCDEF` FOREIGN KEY (`PROC_DEF_ID_`) REFERENCES `act_re_procdef` (`ID_`) ON DELETE RESTRICT ON UPDATE RESTRICT,
  CONSTRAINT `ACT_FK_EXE_PROCINST` FOREIGN KEY (`PROC_INST_ID_`) REFERENCES `act_ru_execution` (`ID_`) ON DELETE CASCADE ON UPDATE CASCADE,
  CONSTRAINT `ACT_FK_EXE_SUPER` FOREIGN KEY (`SUPER_EXEC_`) REFERENCES `act_ru_execution` (`ID_`) ON DELETE RESTRICT ON UPDATE RESTRICT
) ENGINE = InnoDB CHARACTER SET = utf8 COLLATE = utf8_bin ROW_FORMAT = Dynamic;

-- ----------------------------
-- Records of act_ru_execution
-- ----------------------------
INSERT INTO `act_ru_execution` VALUES ('2501', 1, '2501', 'Leave_168', NULL, 'Leave:1:7', NULL, 'sid-2F48C93B-41C0-4F80-9EF2-D22465136B57', 1, 0, 1, 0, 1, 2, '', NULL, NULL);
INSERT INTO `act_ru_execution` VALUES ('2513', 2, '2513', 'Leave_169', NULL, 'Leave:2:2512', NULL, 'sid-E6D7FD4F-DC91-49C4-B617-D86226710E0B', 1, 0, 1, 0, 1, 2, '', NULL, NULL);
INSERT INTO `act_ru_execution` VALUES ('8', 2, '8', 'Leave_167', NULL, 'Leave:1:7', NULL, 'sid-E6D7FD4F-DC91-49C4-B617-D86226710E0B', 1, 0, 1, 0, 1, 2, '', NULL, NULL);

-- ----------------------------
-- Table structure for act_ru_identitylink
-- ----------------------------
DROP TABLE IF EXISTS `act_ru_identitylink`;
CREATE TABLE `act_ru_identitylink`  (
  `ID_` varchar(64) CHARACTER SET utf8 COLLATE utf8_bin NOT NULL,
  `REV_` int(11) NULL DEFAULT NULL,
  `GROUP_ID_` varchar(255) CHARACTER SET utf8 COLLATE utf8_bin NULL DEFAULT NULL,
  `TYPE_` varchar(255) CHARACTER SET utf8 COLLATE utf8_bin NULL DEFAULT NULL,
  `USER_ID_` varchar(255) CHARACTER SET utf8 COLLATE utf8_bin NULL DEFAULT NULL,
  `TASK_ID_` varchar(64) CHARACTER SET utf8 COLLATE utf8_bin NULL DEFAULT NULL,
  `PROC_INST_ID_` varchar(64) CHARACTER SET utf8 COLLATE utf8_bin NULL DEFAULT NULL,
  `PROC_DEF_ID_` varchar(64) CHARACTER SET utf8 COLLATE utf8_bin NULL DEFAULT NULL,
  PRIMARY KEY (`ID_`) USING BTREE,
  INDEX `ACT_IDX_IDENT_LNK_USER`(`USER_ID_`) USING BTREE,
  INDEX `ACT_IDX_IDENT_LNK_GROUP`(`GROUP_ID_`) USING BTREE,
  INDEX `ACT_IDX_ATHRZ_PROCEDEF`(`PROC_DEF_ID_`) USING BTREE,
  INDEX `ACT_FK_TSKASS_TASK`(`TASK_ID_`) USING BTREE,
  INDEX `ACT_FK_IDL_PROCINST`(`PROC_INST_ID_`) USING BTREE,
  CONSTRAINT `ACT_FK_ATHRZ_PROCEDEF` FOREIGN KEY (`PROC_DEF_ID_`) REFERENCES `act_re_procdef` (`ID_`) ON DELETE RESTRICT ON UPDATE RESTRICT,
  CONSTRAINT `ACT_FK_IDL_PROCINST` FOREIGN KEY (`PROC_INST_ID_`) REFERENCES `act_ru_execution` (`ID_`) ON DELETE RESTRICT ON UPDATE RESTRICT,
  CONSTRAINT `ACT_FK_TSKASS_TASK` FOREIGN KEY (`TASK_ID_`) REFERENCES `act_ru_task` (`ID_`) ON DELETE RESTRICT ON UPDATE RESTRICT
) ENGINE = InnoDB CHARACTER SET = utf8 COLLATE = utf8_bin ROW_FORMAT = Dynamic;

-- ----------------------------
-- Records of act_ru_identitylink
-- ----------------------------
INSERT INTO `act_ru_identitylink` VALUES ('22', 1, NULL, 'participant', '小可爱', NULL, '8', NULL);
INSERT INTO `act_ru_identitylink` VALUES ('2502', 1, NULL, 'starter', '小狗', NULL, '2501', NULL);
INSERT INTO `act_ru_identitylink` VALUES ('2514', 1, NULL, 'starter', '小狗', NULL, '2513', NULL);
INSERT INTO `act_ru_identitylink` VALUES ('5007', 1, NULL, 'participant', '小可爱', NULL, '2513', NULL);
INSERT INTO `act_ru_identitylink` VALUES ('9', 1, NULL, 'starter', '小狗', NULL, '8', NULL);

-- ----------------------------
-- Table structure for act_ru_job
-- ----------------------------
DROP TABLE IF EXISTS `act_ru_job`;
CREATE TABLE `act_ru_job`  (
  `ID_` varchar(64) CHARACTER SET utf8 COLLATE utf8_bin NOT NULL,
  `REV_` int(11) NULL DEFAULT NULL,
  `TYPE_` varchar(255) CHARACTER SET utf8 COLLATE utf8_bin NOT NULL,
  `LOCK_EXP_TIME_` timestamp(3) NULL DEFAULT NULL,
  `LOCK_OWNER_` varchar(255) CHARACTER SET utf8 COLLATE utf8_bin NULL DEFAULT NULL,
  `EXCLUSIVE_` tinyint(1) NULL DEFAULT NULL,
  `EXECUTION_ID_` varchar(64) CHARACTER SET utf8 COLLATE utf8_bin NULL DEFAULT NULL,
  `PROCESS_INSTANCE_ID_` varchar(64) CHARACTER SET utf8 COLLATE utf8_bin NULL DEFAULT NULL,
  `PROC_DEF_ID_` varchar(64) CHARACTER SET utf8 COLLATE utf8_bin NULL DEFAULT NULL,
  `RETRIES_` int(11) NULL DEFAULT NULL,
  `EXCEPTION_STACK_ID_` varchar(64) CHARACTER SET utf8 COLLATE utf8_bin NULL DEFAULT NULL,
  `EXCEPTION_MSG_` varchar(4000) CHARACTER SET utf8 COLLATE utf8_bin NULL DEFAULT NULL,
  `DUEDATE_` timestamp(3) NULL DEFAULT NULL,
  `REPEAT_` varchar(255) CHARACTER SET utf8 COLLATE utf8_bin NULL DEFAULT NULL,
  `HANDLER_TYPE_` varchar(255) CHARACTER SET utf8 COLLATE utf8_bin NULL DEFAULT NULL,
  `HANDLER_CFG_` varchar(4000) CHARACTER SET utf8 COLLATE utf8_bin NULL DEFAULT NULL,
  `TENANT_ID_` varchar(255) CHARACTER SET utf8 COLLATE utf8_bin NULL DEFAULT '',
  PRIMARY KEY (`ID_`) USING BTREE,
  INDEX `ACT_FK_JOB_EXCEPTION`(`EXCEPTION_STACK_ID_`) USING BTREE,
  CONSTRAINT `ACT_FK_JOB_EXCEPTION` FOREIGN KEY (`EXCEPTION_STACK_ID_`) REFERENCES `act_ge_bytearray` (`ID_`) ON DELETE RESTRICT ON UPDATE RESTRICT
) ENGINE = InnoDB CHARACTER SET = utf8 COLLATE = utf8_bin ROW_FORMAT = Dynamic;

-- ----------------------------
-- Records of act_ru_job
-- ----------------------------

-- ----------------------------
-- Table structure for act_ru_task
-- ----------------------------
DROP TABLE IF EXISTS `act_ru_task`;
CREATE TABLE `act_ru_task`  (
  `ID_` varchar(64) CHARACTER SET utf8 COLLATE utf8_bin NOT NULL,
  `REV_` int(11) NULL DEFAULT NULL,
  `EXECUTION_ID_` varchar(64) CHARACTER SET utf8 COLLATE utf8_bin NULL DEFAULT NULL,
  `PROC_INST_ID_` varchar(64) CHARACTER SET utf8 COLLATE utf8_bin NULL DEFAULT NULL,
  `PROC_DEF_ID_` varchar(64) CHARACTER SET utf8 COLLATE utf8_bin NULL DEFAULT NULL,
  `NAME_` varchar(255) CHARACTER SET utf8 COLLATE utf8_bin NULL DEFAULT NULL,
  `PARENT_TASK_ID_` varchar(64) CHARACTER SET utf8 COLLATE utf8_bin NULL DEFAULT NULL,
  `DESCRIPTION_` varchar(4000) CHARACTER SET utf8 COLLATE utf8_bin NULL DEFAULT NULL,
  `TASK_DEF_KEY_` varchar(255) CHARACTER SET utf8 COLLATE utf8_bin NULL DEFAULT NULL,
  `OWNER_` varchar(255) CHARACTER SET utf8 COLLATE utf8_bin NULL DEFAULT NULL,
  `ASSIGNEE_` varchar(255) CHARACTER SET utf8 COLLATE utf8_bin NULL DEFAULT NULL,
  `DELEGATION_` varchar(64) CHARACTER SET utf8 COLLATE utf8_bin NULL DEFAULT NULL,
  `PRIORITY_` int(11) NULL DEFAULT NULL,
  `CREATE_TIME_` timestamp(3) NULL DEFAULT NULL,
  `DUE_DATE_` datetime(3) NULL DEFAULT NULL,
  `CATEGORY_` varchar(255) CHARACTER SET utf8 COLLATE utf8_bin NULL DEFAULT NULL,
  `SUSPENSION_STATE_` int(11) NULL DEFAULT NULL,
  `TENANT_ID_` varchar(255) CHARACTER SET utf8 COLLATE utf8_bin NULL DEFAULT '',
  `FORM_KEY_` varchar(255) CHARACTER SET utf8 COLLATE utf8_bin NULL DEFAULT NULL,
  PRIMARY KEY (`ID_`) USING BTREE,
  INDEX `ACT_IDX_TASK_CREATE`(`CREATE_TIME_`) USING BTREE,
  INDEX `ACT_FK_TASK_EXE`(`EXECUTION_ID_`) USING BTREE,
  INDEX `ACT_FK_TASK_PROCINST`(`PROC_INST_ID_`) USING BTREE,
  INDEX `ACT_FK_TASK_PROCDEF`(`PROC_DEF_ID_`) USING BTREE,
  CONSTRAINT `ACT_FK_TASK_EXE` FOREIGN KEY (`EXECUTION_ID_`) REFERENCES `act_ru_execution` (`ID_`) ON DELETE RESTRICT ON UPDATE RESTRICT,
  CONSTRAINT `ACT_FK_TASK_PROCDEF` FOREIGN KEY (`PROC_DEF_ID_`) REFERENCES `act_re_procdef` (`ID_`) ON DELETE RESTRICT ON UPDATE RESTRICT,
  CONSTRAINT `ACT_FK_TASK_PROCINST` FOREIGN KEY (`PROC_INST_ID_`) REFERENCES `act_ru_execution` (`ID_`) ON DELETE RESTRICT ON UPDATE RESTRICT
) ENGINE = InnoDB CHARACTER SET = utf8 COLLATE = utf8_bin ROW_FORMAT = Dynamic;

-- ----------------------------
-- Records of act_ru_task
-- ----------------------------
INSERT INTO `act_ru_task` VALUES ('21', 1, '8', '8', 'Leave:1:7', '小可爱审批', NULL, NULL, 'sid-E6D7FD4F-DC91-49C4-B617-D86226710E0B', NULL, '小可爱', NULL, 50, '2021-04-19 21:48:12.442', NULL, NULL, 1, '', NULL);
INSERT INTO `act_ru_task` VALUES ('2508', 1, '2501', '2501', 'Leave:1:7', '小狗审批', NULL, NULL, 'sid-2F48C93B-41C0-4F80-9EF2-D22465136B57', NULL, '小狗', NULL, 50, '2021-04-22 19:22:36.216', NULL, NULL, 1, '', NULL);
INSERT INTO `act_ru_task` VALUES ('5006', 1, '2513', '2513', 'Leave:2:2512', '小可爱审批', NULL, NULL, 'sid-E6D7FD4F-DC91-49C4-B617-D86226710E0B', NULL, '小可爱', NULL, 50, '2021-04-22 23:38:26.056', NULL, NULL, 1, '', NULL);

-- ----------------------------
-- Table structure for act_ru_variable
-- ----------------------------
DROP TABLE IF EXISTS `act_ru_variable`;
CREATE TABLE `act_ru_variable`  (
  `ID_` varchar(64) CHARACTER SET utf8 COLLATE utf8_bin NOT NULL,
  `REV_` int(11) NULL DEFAULT NULL,
  `TYPE_` varchar(255) CHARACTER SET utf8 COLLATE utf8_bin NOT NULL,
  `NAME_` varchar(255) CHARACTER SET utf8 COLLATE utf8_bin NOT NULL,
  `EXECUTION_ID_` varchar(64) CHARACTER SET utf8 COLLATE utf8_bin NULL DEFAULT NULL,
  `PROC_INST_ID_` varchar(64) CHARACTER SET utf8 COLLATE utf8_bin NULL DEFAULT NULL,
  `TASK_ID_` varchar(64) CHARACTER SET utf8 COLLATE utf8_bin NULL DEFAULT NULL,
  `BYTEARRAY_ID_` varchar(64) CHARACTER SET utf8 COLLATE utf8_bin NULL DEFAULT NULL,
  `DOUBLE_` double NULL DEFAULT NULL,
  `LONG_` bigint(20) NULL DEFAULT NULL,
  `TEXT_` varchar(4000) CHARACTER SET utf8 COLLATE utf8_bin NULL DEFAULT NULL,
  `TEXT2_` varchar(4000) CHARACTER SET utf8 COLLATE utf8_bin NULL DEFAULT NULL,
  PRIMARY KEY (`ID_`) USING BTREE,
  INDEX `ACT_IDX_VARIABLE_TASK_ID`(`TASK_ID_`) USING BTREE,
  INDEX `ACT_FK_VAR_EXE`(`EXECUTION_ID_`) USING BTREE,
  INDEX `ACT_FK_VAR_PROCINST`(`PROC_INST_ID_`) USING BTREE,
  INDEX `ACT_FK_VAR_BYTEARRAY`(`BYTEARRAY_ID_`) USING BTREE,
  CONSTRAINT `ACT_FK_VAR_BYTEARRAY` FOREIGN KEY (`BYTEARRAY_ID_`) REFERENCES `act_ge_bytearray` (`ID_`) ON DELETE RESTRICT ON UPDATE RESTRICT,
  CONSTRAINT `ACT_FK_VAR_EXE` FOREIGN KEY (`EXECUTION_ID_`) REFERENCES `act_ru_execution` (`ID_`) ON DELETE RESTRICT ON UPDATE RESTRICT,
  CONSTRAINT `ACT_FK_VAR_PROCINST` FOREIGN KEY (`PROC_INST_ID_`) REFERENCES `act_ru_execution` (`ID_`) ON DELETE RESTRICT ON UPDATE RESTRICT
) ENGINE = InnoDB CHARACTER SET = utf8 COLLATE = utf8_bin ROW_FORMAT = Dynamic;

-- ----------------------------
-- Records of act_ru_variable
-- ----------------------------
INSERT INTO `act_ru_variable` VALUES ('11', 1, 'string', 'classpath', '8', '8', NULL, NULL, NULL, NULL, 'com.entfrm.biz.activiti.entity.Leave', NULL);
INSERT INTO `act_ru_variable` VALUES ('12', 1, 'string', 'idField', '8', '8', NULL, NULL, NULL, NULL, 'id', NULL);
INSERT INTO `act_ru_variable` VALUES ('13', 1, 'string', 'businessTitle', '8', '8', NULL, NULL, NULL, NULL, '【请假】申请单', NULL);
INSERT INTO `act_ru_variable` VALUES ('17', 1, 'string', 'type', '8', '8', NULL, NULL, NULL, NULL, '1', NULL);
INSERT INTO `act_ru_variable` VALUES ('18', 1, 'integer', 'days', '8', '8', NULL, NULL, NULL, 1, '1', NULL);
INSERT INTO `act_ru_variable` VALUES ('19', 1, 'string', 'flag', '8', '8', NULL, NULL, NULL, NULL, '审批', NULL);
INSERT INTO `act_ru_variable` VALUES ('2504', 1, 'string', 'classpath', '2501', '2501', NULL, NULL, NULL, NULL, 'com.entfrm.biz.activiti.entity.Leave', NULL);
INSERT INTO `act_ru_variable` VALUES ('2505', 1, 'string', 'idField', '2501', '2501', NULL, NULL, NULL, NULL, 'id', NULL);
INSERT INTO `act_ru_variable` VALUES ('2506', 1, 'string', 'businessTitle', '2501', '2501', NULL, NULL, NULL, NULL, '【请假】申请单', NULL);
INSERT INTO `act_ru_variable` VALUES ('2516', 1, 'string', 'classpath', '2513', '2513', NULL, NULL, NULL, NULL, 'com.entfrm.biz.activiti.entity.Leave', NULL);
INSERT INTO `act_ru_variable` VALUES ('2517', 1, 'string', 'idField', '2513', '2513', NULL, NULL, NULL, NULL, 'id', NULL);
INSERT INTO `act_ru_variable` VALUES ('2518', 1, 'string', 'businessTitle', '2513', '2513', NULL, NULL, NULL, NULL, '【请假】申请单', NULL);
INSERT INTO `act_ru_variable` VALUES ('5002', 1, 'string', 'type', '2513', '2513', NULL, NULL, NULL, NULL, '事假', NULL);
INSERT INTO `act_ru_variable` VALUES ('5003', 1, 'integer', 'days', '2513', '2513', NULL, NULL, NULL, 1, '1', NULL);
INSERT INTO `act_ru_variable` VALUES ('5004', 1, 'string', 'flag', '2513', '2513', NULL, NULL, NULL, NULL, '审批', NULL);

-- ----------------------------
-- Table structure for dev_apiinfo
-- ----------------------------
DROP TABLE IF EXISTS `dev_apiinfo`;
CREATE TABLE `dev_apiinfo`  (
  `id` int(11) NOT NULL AUTO_INCREMENT COMMENT '编号',
  `application_id` int(11) NULL DEFAULT NULL COMMENT '应用编号',
  `table_id` int(11) NULL DEFAULT NULL COMMENT '表编号',
  `table_name` varchar(60) CHARACTER SET utf8mb4 COLLATE utf8mb4_general_ci NULL DEFAULT NULL COMMENT '表名',
  `name` varchar(60) CHARACTER SET utf8mb4 COLLATE utf8mb4_general_ci NULL DEFAULT NULL COMMENT '名称',
  `code` varchar(32) CHARACTER SET utf8mb4 COLLATE utf8mb4_general_ci NULL DEFAULT NULL COMMENT '自定义编号',
  `parent_id` int(11) NULL DEFAULT NULL COMMENT '父编号',
  `type` varchar(10) CHARACTER SET utf8mb4 COLLATE utf8mb4_general_ci NULL DEFAULT NULL COMMENT '接口类型',
  `request_type` varchar(10) CHARACTER SET utf8mb4 COLLATE utf8mb4_general_ci NULL DEFAULT NULL COMMENT '请求方式',
  `request_method` varchar(30) CHARACTER SET utf8mb4 COLLATE utf8mb4_general_ci NULL DEFAULT NULL COMMENT '请求方法',
  `fdata` text CHARACTER SET utf8mb4 COLLATE utf8mb4_general_ci NULL COMMENT '字段数据',
  `pdata` text CHARACTER SET utf8mb4 COLLATE utf8mb4_general_ci NULL COMMENT '参数数据',
  `scripts` varchar(255) CHARACTER SET utf8mb4 COLLATE utf8mb4_general_ci NULL DEFAULT NULL COMMENT '脚本',
  `dept_id` int(11) NULL DEFAULT NULL COMMENT '机构编号',
  `status` char(1) CHARACTER SET utf8mb4 COLLATE utf8mb4_general_ci NULL DEFAULT '0' COMMENT '状态（0-正常，1-停用）',
  `create_by` varchar(60) CHARACTER SET utf8mb4 COLLATE utf8mb4_general_ci NULL DEFAULT NULL COMMENT '创建人',
  `create_time` datetime(0) NULL DEFAULT NULL COMMENT '创建时间',
  `update_by` varchar(60) CHARACTER SET utf8mb4 COLLATE utf8mb4_general_ci NULL DEFAULT NULL COMMENT '更新人',
  `update_time` datetime(0) NULL DEFAULT NULL COMMENT '更新时间',
  `remarks` varchar(255) CHARACTER SET utf8mb4 COLLATE utf8mb4_general_ci NULL DEFAULT NULL COMMENT '备注',
  `del_flag` char(1) CHARACTER SET utf8mb4 COLLATE utf8mb4_general_ci NULL DEFAULT '0' COMMENT '删除标识（0-正常，1-删除）',
  PRIMARY KEY (`id`) USING BTREE
) ENGINE = InnoDB AUTO_INCREMENT = 1 CHARACTER SET = utf8mb4 COLLATE = utf8mb4_general_ci COMMENT = '接口信息' ROW_FORMAT = DYNAMIC;

-- ----------------------------
-- Records of dev_apiinfo
-- ----------------------------

-- ----------------------------
-- Table structure for dev_column
-- ----------------------------
DROP TABLE IF EXISTS `dev_column`;
CREATE TABLE `dev_column`  (
  `id` int(11) NOT NULL AUTO_INCREMENT COMMENT '编号',
  `table_id` varchar(64) CHARACTER SET utf8mb4 COLLATE utf8mb4_general_ci NULL DEFAULT NULL COMMENT '归属表编号',
  `column_name` varchar(200) CHARACTER SET utf8mb4 COLLATE utf8mb4_general_ci NULL DEFAULT NULL COMMENT '列名称',
  `column_comment` varchar(500) CHARACTER SET utf8mb4 COLLATE utf8mb4_general_ci NULL DEFAULT NULL COMMENT '列描述',
  `column_type` varchar(100) CHARACTER SET utf8mb4 COLLATE utf8mb4_general_ci NULL DEFAULT NULL COMMENT '列类型',
  `java_type` varchar(500) CHARACTER SET utf8mb4 COLLATE utf8mb4_general_ci NULL DEFAULT NULL COMMENT 'JAVA类型',
  `java_field` varchar(200) CHARACTER SET utf8mb4 COLLATE utf8mb4_general_ci NULL DEFAULT NULL COMMENT 'JAVA字段名',
  `def_value` varchar(120) CHARACTER SET utf8 COLLATE utf8_general_ci NULL DEFAULT NULL COMMENT '默认值',
  `is_pk` char(1) CHARACTER SET utf8mb4 COLLATE utf8mb4_general_ci NULL DEFAULT '0' COMMENT '是否主键（1是）',
  `is_increment` char(1) CHARACTER SET utf8mb4 COLLATE utf8mb4_general_ci NULL DEFAULT '0' COMMENT '是否自增（1是）',
  `is_required` char(1) CHARACTER SET utf8mb4 COLLATE utf8mb4_general_ci NULL DEFAULT '0' COMMENT '是否必填（1是）',
  `is_add` char(1) CHARACTER SET utf8mb4 COLLATE utf8mb4_general_ci NULL DEFAULT '0' COMMENT '是否为新增字段（1是）',
  `is_edit` char(1) CHARACTER SET utf8mb4 COLLATE utf8mb4_general_ci NULL DEFAULT '0' COMMENT '是否编辑字段（1是）',
  `is_list` char(1) CHARACTER SET utf8mb4 COLLATE utf8mb4_general_ci NULL DEFAULT '0' COMMENT '是否列表字段（1是）',
  `is_query` char(1) CHARACTER SET utf8mb4 COLLATE utf8mb4_general_ci NULL DEFAULT '0' COMMENT '是否查询字段（1是）',
  `query_type` varchar(20) CHARACTER SET utf8mb4 COLLATE utf8mb4_general_ci NULL DEFAULT 'eq' COMMENT '查询方式（等于、不等于、大于、小于、范围）',
  `html_type` varchar(200) CHARACTER SET utf8mb4 COLLATE utf8mb4_general_ci NULL DEFAULT NULL COMMENT '显示类型（文本框、文本域、下拉框、复选框、单选框、日期控件）',
  `dict_type` varchar(200) CHARACTER SET utf8mb4 COLLATE utf8mb4_general_ci NULL DEFAULT '' COMMENT '字典类型',
  `sort` int(11) NULL DEFAULT NULL COMMENT '排序',
  `create_by` varchar(64) CHARACTER SET utf8mb4 COLLATE utf8mb4_general_ci NULL DEFAULT '' COMMENT '创建者',
  `create_time` datetime(0) NULL DEFAULT NULL COMMENT '创建时间',
  `update_by` varchar(64) CHARACTER SET utf8mb4 COLLATE utf8mb4_general_ci NULL DEFAULT '' COMMENT '更新者',
  `update_time` datetime(0) NULL DEFAULT NULL COMMENT '更新时间',
  `remarks` varchar(500) CHARACTER SET utf8mb4 COLLATE utf8mb4_general_ci NULL DEFAULT NULL COMMENT '备注',
  `del_flag` char(1) CHARACTER SET utf8mb4 COLLATE utf8mb4_bin NULL DEFAULT '0' COMMENT '0-正常，1-删除',
  PRIMARY KEY (`id`) USING BTREE
) ENGINE = InnoDB AUTO_INCREMENT = 1 CHARACTER SET = utf8 COLLATE = utf8_general_ci ROW_FORMAT = DYNAMIC;

-- ----------------------------
-- Records of dev_column
-- ----------------------------

-- ----------------------------
-- Table structure for dev_dataset
-- ----------------------------
DROP TABLE IF EXISTS `dev_dataset`;
CREATE TABLE `dev_dataset`  (
  `id` int(11) NOT NULL AUTO_INCREMENT COMMENT '编号',
  `code` varchar(64) CHARACTER SET utf8 COLLATE utf8_general_ci NULL DEFAULT NULL COMMENT '编码',
  `name` varchar(60) CHARACTER SET utf8 COLLATE utf8_general_ci NULL DEFAULT NULL COMMENT '名称',
  `alias` varchar(120) CHARACTER SET utf8 COLLATE utf8_general_ci NULL DEFAULT NULL COMMENT '数据源别名',
  `ftype` varchar(10) CHARACTER SET utf8 COLLATE utf8_general_ci NULL DEFAULT 'json' COMMENT '格式类型',
  `cdata` text CHARACTER SET utf8 COLLATE utf8_general_ci NULL COMMENT '配置数据',
  `is_page` char(1) CHARACTER SET utf8 COLLATE utf8_general_ci NULL DEFAULT '0' COMMENT '是否分页',
  `scripts` text CHARACTER SET utf8 COLLATE utf8_general_ci NULL COMMENT 'sql脚本',
  `create_by` varchar(60) CHARACTER SET utf8 COLLATE utf8_general_ci NULL DEFAULT NULL COMMENT '创建人',
  `create_time` datetime(0) NULL DEFAULT NULL COMMENT '创建时间',
  `update_by` varchar(60) CHARACTER SET utf8 COLLATE utf8_general_ci NULL DEFAULT NULL COMMENT '更新人',
  `update_time` datetime(0) NULL DEFAULT NULL COMMENT '更新时间',
  `remarks` varchar(255) CHARACTER SET utf8 COLLATE utf8_general_ci NULL DEFAULT NULL COMMENT '备注',
  `del_flag` char(1) CHARACTER SET utf8 COLLATE utf8_general_ci NOT NULL DEFAULT '0' COMMENT '删除标识（0-正常，1-删除）',
  PRIMARY KEY (`id`) USING BTREE
) ENGINE = InnoDB AUTO_INCREMENT = 1 CHARACTER SET = utf8 COLLATE = utf8_general_ci COMMENT = '数据源' ROW_FORMAT = DYNAMIC;

-- ----------------------------
-- Records of dev_dataset
-- ----------------------------

-- ----------------------------
-- Table structure for dev_form
-- ----------------------------
DROP TABLE IF EXISTS `dev_form`;
CREATE TABLE `dev_form`  (
  `id` int(11) NOT NULL AUTO_INCREMENT,
  `name` varchar(60) CHARACTER SET utf8mb4 COLLATE utf8mb4_general_ci NULL DEFAULT NULL COMMENT '表单名称',
  `code` varchar(30) CHARACTER SET utf8mb4 COLLATE utf8mb4_general_ci NULL DEFAULT NULL COMMENT '表单标识',
  `type` char(1) CHARACTER SET utf8mb4 COLLATE utf8mb4_general_ci NULL DEFAULT '0' COMMENT '表单类型',
  `ds_alias` varchar(30) CHARACTER SET utf8mb4 COLLATE utf8mb4_general_ci NULL DEFAULT NULL COMMENT '数据库别名',
  `table_name` varchar(60) CHARACTER SET utf8mb4 COLLATE utf8mb4_general_ci NULL DEFAULT NULL COMMENT '表名',
  `data` text CHARACTER SET utf8mb4 COLLATE utf8mb4_general_ci NULL COMMENT '表单数据',
  `auto_create` char(1) CHARACTER SET utf8mb4 COLLATE utf8mb4_general_ci NULL DEFAULT '0' COMMENT '自动创建',
  `version` varchar(30) CHARACTER SET utf8mb4 COLLATE utf8mb4_general_ci NULL DEFAULT NULL COMMENT '版本号',
  `status` char(1) CHARACTER SET utf8mb4 COLLATE utf8mb4_general_ci NULL DEFAULT '0' COMMENT '状态',
  `create_by` varchar(64) CHARACTER SET utf8mb4 COLLATE utf8mb4_general_ci NULL DEFAULT '' COMMENT '创建者',
  `create_time` datetime(0) NULL DEFAULT NULL COMMENT '创建时间',
  `update_by` varchar(64) CHARACTER SET utf8mb4 COLLATE utf8mb4_general_ci NULL DEFAULT '' COMMENT '更新者',
  `update_time` datetime(0) NULL DEFAULT NULL COMMENT '更新时间',
  `remarks` varchar(500) CHARACTER SET utf8mb4 COLLATE utf8mb4_general_ci NULL DEFAULT NULL COMMENT '备注',
  `del_flag` char(1) CHARACTER SET utf8mb4 COLLATE utf8mb4_general_ci NULL DEFAULT '0' COMMENT '删除标志（0代表存在 1代表删除）',
  PRIMARY KEY (`id`) USING BTREE
) ENGINE = InnoDB AUTO_INCREMENT = 2 CHARACTER SET = utf8mb4 COLLATE = utf8mb4_general_ci ROW_FORMAT = DYNAMIC;

-- ----------------------------
-- Records of dev_form
-- ----------------------------
INSERT INTO `dev_form` VALUES (1, '测试表单', 'test', '0', '1', 'test', '\"{column:[{type:\'input\',label:\'单行文本\',span:24,display:true,prop:\'1616808322555_61191\'},{type:\'textarea\',label:\'多行文本\',span:24,display:true,prop:\'1616818908722_16715\'},{type:\'radio\',label:\'单选框组\',dicData:[{label:\'选项一\',value:\'0\'},{label:\'选项二\',value:\'1\'},{label:\'选项三\',value:\'2\'}],span:12,display:true,props:{label:\'label\',value:\'value\'},prop:\'1616808328794_21064\'},{type:\'timerange\',label:\'时间范围\',span:12,display:true,format:\'HH:mm:ss\',valueFormat:\'HH:mm:ss\',prop:\'1616808492078_95952\'},{type:\'upload\',label:\'上传\',span:24,display:true,showFileList:true,multiple:true,limit:10,propsHttp:{},canvasOption:{},prop:\'1616818404413_51309\'},{type:\'icon\',label:\'图标\',component:\'avue-input-icon\',span:24,display:true,params:{iconList:[{label:\'基本图标\',list:[\'el-icon-info\',\'el-icon-error\',\'el-icon-error\',\'el-icon-success\',\'el-icon-warning\',\'el-icon-question\']},{label:\'方向图标\',list:[\'el-icon-info\',\'el-icon-back\',\'el-icon-arrow-left\',\'el-icon-arrow-down\',\'el-icon-arrow-right\',\'el-icon-arrow-up\']},{label:\'符号图标\',list:[\'el-icon-plus\',\'el-icon-minus\',\'el-icon-close\',\'el-icon-check\']}]},prop:\'1616828635931_82028\'}],labelPosition:\'left\',labelSuffix:\'：\',labelWidth:120,gutter:0,menuBtn:true,submitBtn:true,submitText:\'提交\',emptyBtn:true,emptyText:\'清空\',menuPosition:\'center\'}\"', '0', '1.0', '0', 'entfrm', '2021-03-26 23:32:55', '', '2021-03-27 11:55:19', NULL, '0');

-- ----------------------------
-- Table structure for dev_table
-- ----------------------------
DROP TABLE IF EXISTS `dev_table`;
CREATE TABLE `dev_table`  (
  `id` int(11) NOT NULL AUTO_INCREMENT COMMENT '编号',
  `table_name` varchar(200) CHARACTER SET utf8mb4 COLLATE utf8mb4_general_ci NULL DEFAULT '' COMMENT '表名称',
  `table_comment` varchar(500) CHARACTER SET utf8mb4 COLLATE utf8mb4_general_ci NULL DEFAULT '' COMMENT '表描述',
  `class_name` varchar(100) CHARACTER SET utf8mb4 COLLATE utf8mb4_general_ci NULL DEFAULT '' COMMENT '实体类名称',
  `tpl_category` varchar(200) CHARACTER SET utf8mb4 COLLATE utf8mb4_general_ci NULL DEFAULT 'crud' COMMENT '使用的模板（crud单表操作 tree树表操作）',
  `package_name` varchar(100) CHARACTER SET utf8mb4 COLLATE utf8mb4_general_ci NULL DEFAULT NULL COMMENT '生成包路径',
  `module_name` varchar(30) CHARACTER SET utf8mb4 COLLATE utf8mb4_general_ci NULL DEFAULT NULL COMMENT '生成模块名',
  `business_name` varchar(30) CHARACTER SET utf8mb4 COLLATE utf8mb4_general_ci NULL DEFAULT NULL COMMENT '生成业务名',
  `function_name` varchar(50) CHARACTER SET utf8mb4 COLLATE utf8mb4_general_ci NULL DEFAULT NULL COMMENT '生成功能名',
  `function_author` varchar(50) CHARACTER SET utf8mb4 COLLATE utf8mb4_general_ci NULL DEFAULT NULL COMMENT '生成功能作者',
  `cols` varchar(2) CHARACTER SET utf8 COLLATE utf8_general_ci NULL DEFAULT '24' COMMENT '分栏',
  `gen_api` char(1) CHARACTER SET utf8 COLLATE utf8_general_ci NULL DEFAULT NULL COMMENT '生成API',
  `gen_way` char(1) CHARACTER SET utf8 COLLATE utf8_general_ci NULL DEFAULT '0' COMMENT '生成方式',
  `options` varchar(1000) CHARACTER SET utf8mb4 COLLATE utf8mb4_general_ci NULL DEFAULT NULL COMMENT '其它生成选项',
  `menu_id` int(11) NULL DEFAULT NULL COMMENT '父级菜单',
  `gen_path` varchar(255) CHARACTER SET utf8 COLLATE utf8_general_ci NULL DEFAULT NULL COMMENT '生成路径',
  `sub_table_name` varchar(120) CHARACTER SET utf8 COLLATE utf8_general_ci NULL DEFAULT NULL COMMENT '关联子表的表名',
  `sub_table_field` varchar(120) CHARACTER SET utf8 COLLATE utf8_general_ci NULL DEFAULT NULL COMMENT '关联子表的外键名',
  `create_by` varchar(64) CHARACTER SET utf8mb4 COLLATE utf8mb4_general_ci NULL DEFAULT '' COMMENT '创建者',
  `create_time` datetime(0) NULL DEFAULT NULL COMMENT '创建时间',
  `update_by` varchar(64) CHARACTER SET utf8mb4 COLLATE utf8mb4_general_ci NULL DEFAULT '' COMMENT '更新者',
  `update_time` datetime(0) NULL DEFAULT NULL COMMENT '更新时间',
  `remarks` varchar(500) CHARACTER SET utf8mb4 COLLATE utf8mb4_general_ci NULL DEFAULT NULL COMMENT '备注',
  `del_flag` char(1) CHARACTER SET utf8mb4 COLLATE utf8mb4_bin NULL DEFAULT '0' COMMENT '0-正常，1-删除',
  PRIMARY KEY (`id`) USING BTREE
) ENGINE = InnoDB AUTO_INCREMENT = 1 CHARACTER SET = utf8 COLLATE = utf8_general_ci ROW_FORMAT = DYNAMIC;

-- ----------------------------
-- Records of dev_table
-- ----------------------------

-- ----------------------------
-- Table structure for intelligent_business_demo
-- ----------------------------
DROP TABLE IF EXISTS `intelligent_business_demo`;
CREATE TABLE `intelligent_business_demo`  (
  `id` int(11) NOT NULL AUTO_INCREMENT,
  `business_id` varchar(64) CHARACTER SET utf8mb4 COLLATE utf8mb4_unicode_ci NOT NULL,
  `business_version` float(11, 2) NOT NULL,
  `field1` varchar(255) CHARACTER SET utf8mb4 COLLATE utf8mb4_unicode_ci NULL DEFAULT NULL,
  `field2` text CHARACTER SET utf8mb4 COLLATE utf8mb4_unicode_ci NULL,
  `field3` varchar(255) CHARACTER SET utf8mb4 COLLATE utf8mb4_unicode_ci NULL DEFAULT NULL,
  `field4` int(11) NULL DEFAULT NULL,
  `field5` tinyint(4) NULL DEFAULT NULL,
  PRIMARY KEY (`id`) USING BTREE
) ENGINE = InnoDB AUTO_INCREMENT = 2 CHARACTER SET = utf8mb4 COLLATE = utf8mb4_unicode_ci ROW_FORMAT = Dynamic;

-- ----------------------------
-- Records of intelligent_business_demo
-- ----------------------------
INSERT INTO `intelligent_business_demo` VALUES (1, '20', 1.10, '测试单行文本数据', '测试多行文本数据', '123456', 10, NULL);

-- ----------------------------
-- Table structure for intelligent_control_steward
-- ----------------------------
DROP TABLE IF EXISTS `intelligent_control_steward`;
CREATE TABLE `intelligent_control_steward`  (
  `id` int(11) NOT NULL AUTO_INCREMENT,
  `control_label` varchar(255) CHARACTER SET utf8mb4 COLLATE utf8mb4_unicode_ci NULL DEFAULT NULL COMMENT '控件唯一Label',
  `control_tag_icon` varchar(255) CHARACTER SET utf8mb4 COLLATE utf8mb4_unicode_ci NULL DEFAULT NULL COMMENT '控件图标',
  `control_mapping_table` varchar(255) CHARACTER SET utf8mb4 COLLATE utf8mb4_unicode_ci NULL DEFAULT NULL COMMENT '控件映射表名',
  `control_field_type` varchar(255) CHARACTER SET utf8mb4 COLLATE utf8mb4_unicode_ci NULL DEFAULT NULL COMMENT '控件映射字段类型',
  `control_field_length` int(11) NULL DEFAULT NULL COMMENT '控件映射字段长度',
  `control_attribute` text CHARACTER SET utf8mb4 COLLATE utf8mb4_unicode_ci NULL COMMENT '控件详细属性',
  `create_by` varchar(64) CHARACTER SET utf8mb4 COLLATE utf8mb4_unicode_ci NULL DEFAULT NULL COMMENT '创建人',
  `create_time` datetime(0) NULL DEFAULT NULL COMMENT '创建时间',
  `update_by` varchar(64) CHARACTER SET utf8mb4 COLLATE utf8mb4_unicode_ci NULL DEFAULT NULL COMMENT '修改人',
  `update_time` datetime(0) NULL DEFAULT NULL COMMENT '修改时间',
  `remarks` varchar(500) CHARACTER SET utf8mb4 COLLATE utf8mb4_unicode_ci NULL DEFAULT NULL COMMENT '备注',
  `control_mapping_table_prepend` varchar(255) CHARACTER SET utf8mb4 COLLATE utf8mb4_unicode_ci NULL DEFAULT NULL COMMENT '控件表面前缀',
  `control_mapping_table_suffix` varchar(255) CHARACTER SET utf8mb4 COLLATE utf8mb4_unicode_ci NULL DEFAULT NULL COMMENT '控件表面后缀',
  `control_precision` int(11) NULL DEFAULT NULL COMMENT '控件精度',
  PRIMARY KEY (`id`) USING BTREE
) ENGINE = InnoDB AUTO_INCREMENT = 23 CHARACTER SET = utf8mb4 COLLATE = utf8mb4_unicode_ci COMMENT = '控件大管家' ROW_FORMAT = Dynamic;

-- ----------------------------
-- Records of intelligent_control_steward
-- ----------------------------
INSERT INTO `intelligent_control_steward` VALUES (7, 'el-input', 'input', 'intelligent_controls_input', 'varchar', 255, '{\n    \"config\": {\n      \"label\": \"单行文本\",\n      \"labelWidth\": null,\n      \"showLabel\": true,\n      \"changeTag\": true,\n      \"tag\": \"el-input\",\n      \"tagIcon\": \"input\",\n      \"defaultValue\": \"1001\",\n      \"required\": true,\n      \"layout\": \"colFormItem\",\n      \"span\": 24,\n      \"document\": \"https://element.eleme.cn/#/zh-CN/component/input\",\n      \"regList\": [],\n      \"formId\": 101,\n      \"renderKey\": \"1011616968959836\",\n      \"vModel\": \"field101\"\n    },\n    \"slot\": {\n      \"prepend\": \"\",\n      \"append\": \"\"\n    },\n    \"attrs\": {\n      \"placeholder\": \"请输入单行文本\",\n      \"clearable\": true,\n      \"prefix-icon\": \"\",\n      \"suffix-icon\": \"\",\n      \"maxlength\": null,\n      \"show-word-limit\": false,\n      \"readonly\": false,\n      \"disabled\": false\n    },\n    \"style\": {\n      \"width\": \"100%\"\n    }\n  }', NULL, NULL, NULL, NULL, '单行文本控件', 'intelligent_controls_', 'input', NULL);
INSERT INTO `intelligent_control_steward` VALUES (8, 'el-textarea', 'textarea', 'intelligent_controls_textarea', 'text', 0, '{\n    \"config\": {\n      \"label\": \"多行文本\",\n      \"labelWidth\": null,\n      \"showLabel\": true,\n      \"tag\": \"el-input\",\n      \"tagIcon\": \"textarea\",\n      \"required\": true,\n      \"layout\": \"colFormItem\",\n      \"span\": 24,\n      \"regList\": [],\n      \"changeTag\": true,\n      \"document\": \"https://element.eleme.cn/#/zh-CN/component/input\",\n      \"formId\": 102,\n      \"renderKey\": \"1021616968962388\",\n      \"vModel\": \"field102\"\n    },\n    \"attrs\": {\n      \"type\": \"textarea\",\n      \"placeholder\": \"请输入多行文本\",\n      \"autosize\": {\n        \"minRows\": 4,\n        \"maxRows\": 4\n      },\n      \"maxlength\": null,\n      \"show-word-limit\": false,\n      \"readonly\": false,\n      \"disabled\": false\n    },\n    \"style\": {\n      \"width\": \"100%\"\n    }\n  }', 'entfrm', '2021-03-29 06:13:26', NULL, NULL, '多行文本控件', 'intelligent_controls_', 'textarea', NULL);
INSERT INTO `intelligent_control_steward` VALUES (9, 'el-password', 'password', 'intelligent_controls_password', 'varchar', 255, '{\n    \"config\": {\n      \"label\": \"密码\",\n      \"showLabel\": true,\n      \"labelWidth\": null,\n      \"changeTag\": true,\n      \"tag\": \"el-input\",\n      \"tagIcon\": \"password\",\n      \"defaultValue\": \"86228228\",\n      \"layout\": \"colFormItem\",\n      \"span\": 24,\n      \"required\": true,\n      \"regList\": [],\n      \"document\": \"https://element.eleme.cn/#/zh-CN/component/input\",\n      \"formId\": 103,\n      \"renderKey\": \"1031616968963517\",\n      \"vModel\": \"field103\"\n    },\n    \"slot\": {\n      \"prepend\": \"\",\n      \"append\": \"\"\n    },\n    \"attrs\": {\n      \"placeholder\": \"请输入密码\",\n      \"show-password\": true,\n      \"clearable\": true,\n      \"prefix-icon\": \"\",\n      \"suffix-icon\": \"\",\n      \"maxlength\": null,\n      \"show-word-limit\": false,\n      \"readonly\": false,\n      \"disabled\": false\n    },\n    \"style\": {\n      \"width\": \"100%\"\n    }\n  }', 'entfrm', '2021-03-29 06:15:10', NULL, NULL, '密码控件', 'intelligent_controls_', 'password', NULL);
INSERT INTO `intelligent_control_steward` VALUES (10, 'el-number', 'number', 'intelligent_controls_number', 'int', 11, '{\n    \"config\": {\n      \"label\": \"计数器\",\n      \"showLabel\": true,\n      \"changeTag\": true,\n      \"labelWidth\": null,\n      \"tag\": \"el-input-number\",\n      \"tagIcon\": \"number\",\n      \"span\": 24,\n      \"layout\": \"colFormItem\",\n      \"required\": true,\n      \"regList\": [],\n      \"document\": \"https://element.eleme.cn/#/zh-CN/component/input-number\",\n      \"formId\": 104,\n      \"renderKey\": \"1041616968965203\",\n      \"vModel\": \"field104\"\n    },\n    \"attrs\": {\n      \"placeholder\": \"计数器\",\n      \"step\": 1,\n      \"step-strictly\": false,\n      \"controls-position\": \"\",\n      \"disabled\": false\n    }\n  }', 'entfrm', '2021-03-29 06:16:34', NULL, NULL, '计数器控件', 'intelligent_controls_', 'number', NULL);
INSERT INTO `intelligent_control_steward` VALUES (11, 'el-select', 'select', 'intelligent_controls_select', 'varchar', 225, '{\n    \"config\": {\n      \"label\": \"下拉选择\",\n      \"showLabel\": true,\n      \"labelWidth\": null,\n      \"tag\": \"el-select\",\n      \"tagIcon\": \"select\",\n      \"layout\": \"colFormItem\",\n      \"span\": 24,\n      \"required\": true,\n      \"regList\": [],\n      \"changeTag\": true,\n      \"document\": \"https://element.eleme.cn/#/zh-CN/component/select\",\n      \"formId\": 105,\n      \"renderKey\": \"1051616971076818\",\n      \"vModel\": \"field105\"\n    },\n    \"slot\": {\n      \"options\": [{\n        \"label\": \"选项一\",\n        \"value\": 1\n      }, {\n        \"label\": \"选项二\",\n        \"value\": 2\n      }]\n    },\n    \"attrs\": {\n      \"placeholder\": \"请选择下拉选择\",\n      \"clearable\": true,\n      \"disabled\": false,\n      \"filterable\": false,\n      \"multiple\": false\n    },\n    \"style\": {\n      \"width\": \"100%\"\n    }\n  }', 'entfrm', '2021-03-29 06:39:47', NULL, NULL, '下拉选择控件', 'intelligent_controls_', 'select', NULL);
INSERT INTO `intelligent_control_steward` VALUES (12, 'el-cascader', 'cascader', 'intelligent_controls_cascader', 'varchar', 255, '{\n    \"config\": {\n      \"label\": \"级联选择\",\n      \"url\": \"https://www.fastmock.site/mock/f8d7a54fb1e60561e2f720d5a810009d/fg/cascaderList\",\n      \"method\": \"get\",\n      \"dataKey\": \"list\",\n      \"showLabel\": true,\n      \"labelWidth\": null,\n      \"tag\": \"el-cascader\",\n      \"tagIcon\": \"cascader\",\n      \"layout\": \"colFormItem\",\n      \"defaultValue\": [],\n      \"dataType\": \"dynamic\",\n      \"span\": 24,\n      \"required\": true,\n      \"regList\": [],\n      \"changeTag\": true,\n      \"document\": \"https://element.eleme.cn/#/zh-CN/component/cascader\",\n      \"formId\": 107,\n      \"renderKey\": \"1071616995731384\",\n      \"vModel\": \"field107\"\n    },\n    \"class\": {\n      \"props\": {\n        \"multiple\": false,\n        \"label\": \"label\",\n        \"value\": \"value\",\n        \"children\": \"children\"\n      }\n    },\n    \"style\": {\n      \"width\": \"100%\"\n    },\n    \"attrs\": {\n      \"placeholder\": \"请选择级联选择\",\n      \"show-all-levels\": true,\n      \"disabled\": false,\n      \"clearable\": true,\n      \"filterable\": false,\n      \"separator\": \"/\",\n      \"options\": [{\n        \"id\": 1,\n        \"value\": 1,\n        \"label\": \"选项1\",\n        \"children\": [{\n          \"id\": 2,\n          \"value\": 2,\n          \"label\": \"选项1-1\"\n        }]\n      }]\n    }\n  }', 'entfrm', '2021-03-29 13:31:02', NULL, NULL, '级联选择控件', 'intelligent_controls_', 'cascader', NULL);
INSERT INTO `intelligent_control_steward` VALUES (13, 'el-radio', 'radio', 'intelligent_controls_radio', 'varchar', 255, '{\n    \"config\": {\n      \"label\": \"单选框组\",\n      \"labelWidth\": null,\n      \"showLabel\": true,\n      \"tag\": \"el-radio-group\",\n      \"tagIcon\": \"radio\",\n      \"changeTag\": true,\n      \"layout\": \"colFormItem\",\n      \"span\": 24,\n      \"optionType\": \"default\",\n      \"regList\": [],\n      \"required\": true,\n      \"border\": false,\n      \"document\": \"https://element.eleme.cn/#/zh-CN/component/radio\",\n      \"formId\": 108,\n      \"renderKey\": \"1081616997562143\",\n      \"vModel\": \"field108\"\n    },\n    \"slot\": {\n      \"options\": [{\n        \"label\": \"选项一\",\n        \"value\": 1\n      }, {\n        \"label\": \"选项二\",\n        \"value\": 2\n      }]\n    },\n    \"style\": {},\n    \"attrs\": {\n      \"size\": \"medium\",\n      \"disabled\": false\n    }\n  }', 'entfrm', '2021-03-29 14:04:55', 'entfrm', '2021-03-29 15:23:49', '单选框组控件', 'intelligent_controls_', 'radio', NULL);
INSERT INTO `intelligent_control_steward` VALUES (14, 'el-checkbox', 'checkbox', 'intelligent_controls_checkbox', 'varchar', 225, '{\n    \"config\": {\n      \"label\": \"多选框组\",\n      \"tag\": \"el-checkbox-group\",\n      \"tagIcon\": \"checkbox\",\n      \"defaultValue\": [1, 2],\n      \"span\": 24,\n      \"showLabel\": true,\n      \"labelWidth\": null,\n      \"layout\": \"colFormItem\",\n      \"optionType\": \"default\",\n      \"required\": true,\n      \"regList\": [],\n      \"changeTag\": true,\n      \"border\": false,\n      \"document\": \"https://element.eleme.cn/#/zh-CN/component/checkbox\",\n      \"formId\": 109,\n      \"renderKey\": \"1091616998068178\",\n      \"vModel\": \"field109\"\n    },\n    \"slot\": {\n      \"options\": [{\n        \"label\": \"选项一\",\n        \"value\": 1\n      }, {\n        \"label\": \"选项二\",\n        \"value\": 2\n      }]\n    },\n    \"style\": {},\n    \"attrs\": {\n      \"size\": \"medium\",\n      \"min\": null,\n      \"disabled\": false\n    }\n  }', 'entfrm', '2021-03-29 14:09:54', 'entfrm', '2021-03-30 06:50:59', '多选框组控件', 'intelligent_controls_', 'checkbox', 0);
INSERT INTO `intelligent_control_steward` VALUES (15, 'el-switch', 'switch', 'intelligent_controls_switch', 'tinyint', 1, '{\n    \"config\": {\n      \"label\": \"开关\",\n      \"tag\": \"el-switch\",\n      \"tagIcon\": \"switch\",\n      \"defaultValue\": false,\n      \"span\": 24,\n      \"showLabel\": true,\n      \"labelWidth\": null,\n      \"layout\": \"colFormItem\",\n      \"required\": true,\n      \"regList\": [],\n      \"changeTag\": true,\n      \"document\": \"https://element.eleme.cn/#/zh-CN/component/switch\",\n      \"formId\": 109,\n      \"renderKey\": \"1091616998223676\",\n      \"vModel\": \"field109\"\n    },\n    \"style\": {},\n    \"attrs\": {\n      \"disabled\": false,\n      \"active-text\": \"\",\n      \"inactive-text\": \"\",\n      \"active-color\": null,\n      \"inactive-color\": null,\n      \"active-value\": true,\n      \"inactive-value\": false\n    }\n  }', 'entfrm', '2021-03-29 14:11:23', NULL, NULL, '开关控件', 'intelligent_controls_', 'switch', NULL);
INSERT INTO `intelligent_control_steward` VALUES (16, 'el-slider', 'slider', 'intelligent_controls_slider', 'int', 11, '{\n    \"config\": {\n      \"label\": \"滑块\",\n      \"tag\": \"el-slider\",\n      \"tagIcon\": \"slider\",\n      \"defaultValue\": 0,\n      \"span\": 24,\n      \"showLabel\": true,\n      \"layout\": \"colFormItem\",\n      \"labelWidth\": null,\n      \"required\": true,\n      \"regList\": [],\n      \"changeTag\": true,\n      \"document\": \"https://element.eleme.cn/#/zh-CN/component/slider\",\n      \"formId\": 109,\n      \"renderKey\": \"1091616998293487\",\n      \"vModel\": \"field109\"\n    },\n    \"attrs\": {\n      \"disabled\": false,\n      \"min\": 0,\n      \"max\": 100,\n      \"step\": 1,\n      \"show-stops\": false,\n      \"range\": false\n    }\n  }', 'entfrm', '2021-03-29 14:12:37', NULL, NULL, '滑块控件', 'intelligent_controls_', 'slider', NULL);
INSERT INTO `intelligent_control_steward` VALUES (17, 'el-time', 'time', 'intelligent_controls_time', 'varchar', 255, '{\n    \"config\": {\n      \"label\": \"时间选择\",\n      \"tag\": \"el-time-picker\",\n      \"tagIcon\": \"time\",\n      \"defaultValue\": null,\n      \"span\": 24,\n      \"showLabel\": true,\n      \"layout\": \"colFormItem\",\n      \"labelWidth\": null,\n      \"required\": true,\n      \"regList\": [],\n      \"changeTag\": true,\n      \"document\": \"https://element.eleme.cn/#/zh-CN/component/time-picker\",\n      \"formId\": 109,\n      \"renderKey\": \"1091616998504572\",\n      \"vModel\": \"field109\"\n    },\n    \"attrs\": {\n      \"placeholder\": \"请选择时间选择\",\n      \"disabled\": false,\n      \"clearable\": true,\n      \"picker-options\": {\n        \"selectableRange\": \"00:00:00-23:59:59\"\n      },\n      \"format\": \"HH:mm:ss\",\n      \"value-format\": \"HH:mm:ss\"\n    },\n    \"style\": {\n      \"width\": \"100%\"\n    }\n  }', 'entfrm', '2021-03-29 14:16:51', 'entfrm', '2021-03-29 18:07:11', '时间选择控件', 'intelligent_controls_', 'time', NULL);
INSERT INTO `intelligent_control_steward` VALUES (18, 'el-time-range', 'time-range', 'intelligent_controls_time_range', 'varchar', 255, '{\n    \"config\": {\n      \"label\": \"时间范围\",\n      \"tag\": \"el-time-picker\",\n      \"tagIcon\": \"time-range\",\n      \"span\": 24,\n      \"showLabel\": true,\n      \"labelWidth\": null,\n      \"layout\": \"colFormItem\",\n      \"defaultValue\": null,\n      \"required\": true,\n      \"regList\": [],\n      \"changeTag\": true,\n      \"document\": \"https://element.eleme.cn/#/zh-CN/component/time-picker\",\n      \"formId\": 110,\n      \"renderKey\": \"1101616998507819\",\n      \"vModel\": \"field110\"\n    },\n    \"style\": {\n      \"width\": \"100%\"\n    },\n    \"attrs\": {\n      \"disabled\": false,\n      \"clearable\": true,\n      \"is-range\": true,\n      \"range-separator\": \"至\",\n      \"start-placeholder\": \"开始时间\",\n      \"end-placeholder\": \"结束时间\",\n      \"format\": \"HH:mm:ss\",\n      \"value-format\": \"HH:mm:ss\"\n    }\n  }', 'entfrm', '2021-03-29 14:18:10', 'entfrm', '2021-03-29 17:59:25', '时间范围控件', 'intelligent_controls_', 'time_range', NULL);
INSERT INTO `intelligent_control_steward` VALUES (19, 'el-date', 'date', 'intelligent_controls_date', 'datetime', 0, '{\n    \"config\": {\n      \"label\": \"日期选择\",\n      \"tag\": \"el-date-picker\",\n      \"tagIcon\": \"date\",\n      \"defaultValue\": null,\n      \"showLabel\": true,\n      \"labelWidth\": null,\n      \"span\": 24,\n      \"layout\": \"colFormItem\",\n      \"required\": true,\n      \"regList\": [],\n      \"changeTag\": true,\n      \"document\": \"https://element.eleme.cn/#/zh-CN/component/date-picker\",\n      \"formId\": 111,\n      \"renderKey\": \"1111616998509005\",\n      \"vModel\": \"field111\"\n    },\n    \"attrs\": {\n      \"placeholder\": \"请选择日期选择\",\n      \"type\": \"date\",\n      \"disabled\": false,\n      \"clearable\": true,\n      \"format\": \"yyyy-MM-dd\",\n      \"value-format\": \"yyyy-MM-dd\",\n      \"readonly\": false\n    },\n    \"style\": {\n      \"width\": \"100%\"\n    }\n  }', 'entfrm', '2021-03-29 14:19:25', NULL, NULL, '日期选择控件', 'intelligent_controls_', 'date', NULL);
INSERT INTO `intelligent_control_steward` VALUES (20, 'el-date-range', 'date-range', 'intelligent_controls_date_range', 'varchar', 255, '{\n    \"config\": {\n      \"label\": \"日期范围\",\n      \"tag\": \"el-date-picker\",\n      \"tagIcon\": \"date-range\",\n      \"defaultValue\": null,\n      \"span\": 24,\n      \"showLabel\": true,\n      \"labelWidth\": null,\n      \"required\": true,\n      \"layout\": \"colFormItem\",\n      \"regList\": [],\n      \"changeTag\": true,\n      \"document\": \"https://element.eleme.cn/#/zh-CN/component/date-picker\",\n      \"formId\": 112,\n      \"renderKey\": \"1121616998510073\",\n      \"vModel\": \"field112\"\n    },\n    \"style\": {\n      \"width\": \"100%\"\n    },\n    \"attrs\": {\n      \"type\": \"daterange\",\n      \"range-separator\": \"至\",\n      \"start-placeholder\": \"开始日期\",\n      \"end-placeholder\": \"结束日期\",\n      \"disabled\": false,\n      \"clearable\": true,\n      \"format\": \"yyyy-MM-dd\",\n      \"value-format\": \"yyyy-MM-dd\",\n      \"readonly\": false\n    }\n  }', 'entfrm', '2021-03-29 14:20:34', 'entfrm', '2021-03-29 17:59:40', '日期范围控件', 'intelligent_controls_', 'date_range', NULL);
INSERT INTO `intelligent_control_steward` VALUES (21, 'el-rate', 'rate', 'intelligent_controls_rate', 'double', 16, '{\n    \"config\": {\n      \"label\": \"评分\",\n      \"tag\": \"el-rate\",\n      \"tagIcon\": \"rate\",\n      \"defaultValue\": 0,\n      \"span\": 24,\n      \"showLabel\": true,\n      \"labelWidth\": null,\n      \"layout\": \"colFormItem\",\n      \"required\": true,\n      \"regList\": [],\n      \"changeTag\": true,\n      \"document\": \"https://element.eleme.cn/#/zh-CN/component/rate\",\n      \"formId\": 113,\n      \"renderKey\": \"1131616998511488\",\n      \"vModel\": \"field113\"\n    },\n    \"style\": {},\n    \"attrs\": {\n      \"max\": 5,\n      \"allow-half\": false,\n      \"show-text\": false,\n      \"show-score\": false,\n      \"disabled\": false\n    }\n  }', 'entfrm', '2021-03-29 14:22:02', 'entfrm', '2021-03-29 18:45:03', '评分组件', 'intelligent_controls_', 'rate', 2);
INSERT INTO `intelligent_control_steward` VALUES (22, 'el-color', 'color', 'intelligent_controls_color', 'varchar', 225, '{\n    \"config\": {\n      \"label\": \"颜色选择\",\n      \"tag\": \"el-color-picker\",\n      \"tagIcon\": \"color\",\n      \"span\": 24,\n      \"defaultValue\": null,\n      \"showLabel\": true,\n      \"labelWidth\": null,\n      \"layout\": \"colFormItem\",\n      \"required\": true,\n      \"regList\": [],\n      \"changeTag\": true,\n      \"document\": \"https://element.eleme.cn/#/zh-CN/component/color-picker\",\n      \"formId\": 114,\n      \"renderKey\": \"1141616998513045\",\n      \"vModel\": \"field114\"\n    },\n    \"attrs\": {\n      \"show-alpha\": false,\n      \"color-format\": \"\",\n      \"disabled\": false,\n      \"size\": \"medium\"\n    }\n  }', 'entfrm', '2021-03-29 14:22:49', NULL, NULL, '颜色选择控件', 'intelligent_controls_', 'color', NULL);

-- ----------------------------
-- Table structure for intelligent_controls_cascader
-- ----------------------------
DROP TABLE IF EXISTS `intelligent_controls_cascader`;
CREATE TABLE `intelligent_controls_cascader`  (
  `id` int(11) NOT NULL AUTO_INCREMENT,
  `attrs_placeholder` varchar(255) CHARACTER SET utf8mb4 COLLATE utf8mb4_unicode_ci NULL DEFAULT NULL,
  `config_tag` varchar(255) CHARACTER SET utf8mb4 COLLATE utf8mb4_unicode_ci NULL DEFAULT NULL,
  `attrs_options` text CHARACTER SET utf8mb4 COLLATE utf8mb4_unicode_ci NULL,
  `config_document` varchar(255) CHARACTER SET utf8mb4 COLLATE utf8mb4_unicode_ci NULL DEFAULT NULL,
  `config_render_key` varchar(255) CHARACTER SET utf8mb4 COLLATE utf8mb4_unicode_ci NULL DEFAULT NULL,
  `config_v_model` varchar(255) CHARACTER SET utf8mb4 COLLATE utf8mb4_unicode_ci NULL DEFAULT NULL,
  `config_show_label` tinyint(1) NULL DEFAULT NULL,
  `config_required` tinyint(1) NULL DEFAULT NULL,
  `attrs_clearable` tinyint(1) NULL DEFAULT NULL,
  `class_props_children` varchar(255) CHARACTER SET utf8mb4 COLLATE utf8mb4_unicode_ci NULL DEFAULT NULL,
  `config_tag_icon` varchar(255) CHARACTER SET utf8mb4 COLLATE utf8mb4_unicode_ci NULL DEFAULT NULL,
  `config_label` varchar(255) CHARACTER SET utf8mb4 COLLATE utf8mb4_unicode_ci NULL DEFAULT NULL,
  `config_default_value` text CHARACTER SET utf8mb4 COLLATE utf8mb4_unicode_ci NULL,
  `config_reg_list` text CHARACTER SET utf8mb4 COLLATE utf8mb4_unicode_ci NULL,
  `config_method` varchar(255) CHARACTER SET utf8mb4 COLLATE utf8mb4_unicode_ci NULL DEFAULT NULL,
  `config_label_width` int(11) NULL DEFAULT NULL,
  `config_form_id` int(11) NULL DEFAULT NULL,
  `config_url` varchar(255) CHARACTER SET utf8mb4 COLLATE utf8mb4_unicode_ci NULL DEFAULT NULL,
  `config_data_key` varchar(255) CHARACTER SET utf8mb4 COLLATE utf8mb4_unicode_ci NULL DEFAULT NULL,
  `attrs_filterable` tinyint(1) NULL DEFAULT NULL,
  `config_layout` varchar(255) CHARACTER SET utf8mb4 COLLATE utf8mb4_unicode_ci NULL DEFAULT NULL,
  `attrs_separator` varchar(255) CHARACTER SET utf8mb4 COLLATE utf8mb4_unicode_ci NULL DEFAULT NULL,
  `config_span` int(11) NULL DEFAULT NULL,
  `attrs_disabled` tinyint(1) NULL DEFAULT NULL,
  `style_width` varchar(255) CHARACTER SET utf8mb4 COLLATE utf8mb4_unicode_ci NULL DEFAULT NULL,
  `config_data_type` varchar(255) CHARACTER SET utf8mb4 COLLATE utf8mb4_unicode_ci NULL DEFAULT NULL,
  `class_props_value` varchar(255) CHARACTER SET utf8mb4 COLLATE utf8mb4_unicode_ci NULL DEFAULT NULL,
  `config_change_tag` tinyint(1) NULL DEFAULT NULL,
  `class_props_multiple` tinyint(1) NULL DEFAULT NULL,
  `attrs_show_all_levels` tinyint(1) NULL DEFAULT NULL,
  `class_props_label` varchar(255) CHARACTER SET utf8mb4 COLLATE utf8mb4_unicode_ci NULL DEFAULT NULL,
  `field_length` int(11) NULL DEFAULT NULL,
  `field_current` varchar(10) CHARACTER SET utf8mb4 COLLATE utf8mb4_unicode_ci NULL DEFAULT NULL,
  `data_mapping_table` varchar(120) CHARACTER SET utf8mb4 COLLATE utf8mb4_unicode_ci NULL DEFAULT NULL,
  `create_by` varchar(64) CHARACTER SET utf8mb4 COLLATE utf8mb4_unicode_ci NULL DEFAULT NULL,
  `create_time` datetime(0) NULL DEFAULT CURRENT_TIMESTAMP(0),
  `form_extend_id` int(11) NULL DEFAULT NULL,
  `data_mapping_table_prefix` varchar(100) CHARACTER SET utf8mb4 COLLATE utf8mb4_unicode_ci NULL DEFAULT NULL,
  `data_mapping_table_suffix` varchar(100) CHARACTER SET utf8mb4 COLLATE utf8mb4_unicode_ci NULL DEFAULT NULL,
  PRIMARY KEY (`id`) USING BTREE
) ENGINE = InnoDB AUTO_INCREMENT = 1 CHARACTER SET = utf8mb4 COLLATE = utf8mb4_unicode_ci ROW_FORMAT = Dynamic;

-- ----------------------------
-- Records of intelligent_controls_cascader
-- ----------------------------

-- ----------------------------
-- Table structure for intelligent_controls_checkbox
-- ----------------------------
DROP TABLE IF EXISTS `intelligent_controls_checkbox`;
CREATE TABLE `intelligent_controls_checkbox`  (
  `id` int(11) NOT NULL AUTO_INCREMENT,
  `config_default_value` text CHARACTER SET utf8mb4 COLLATE utf8mb4_unicode_ci NULL,
  `config_reg_list` text CHARACTER SET utf8mb4 COLLATE utf8mb4_unicode_ci NULL,
  `slot_options` text CHARACTER SET utf8mb4 COLLATE utf8mb4_unicode_ci NULL,
  `config_label_width` int(11) NULL DEFAULT NULL,
  `config_form_id` int(11) NULL DEFAULT NULL,
  `attrs_min` varchar(255) CHARACTER SET utf8mb4 COLLATE utf8mb4_unicode_ci NULL DEFAULT NULL,
  `config_border` tinyint(1) NULL DEFAULT NULL,
  `config_layout` varchar(255) CHARACTER SET utf8mb4 COLLATE utf8mb4_unicode_ci NULL DEFAULT NULL,
  `config_tag` varchar(255) CHARACTER SET utf8mb4 COLLATE utf8mb4_unicode_ci NULL DEFAULT NULL,
  `attrs_size` varchar(255) CHARACTER SET utf8mb4 COLLATE utf8mb4_unicode_ci NULL DEFAULT NULL,
  `config_document` varchar(255) CHARACTER SET utf8mb4 COLLATE utf8mb4_unicode_ci NULL DEFAULT NULL,
  `config_span` int(11) NULL DEFAULT NULL,
  `config_option_type` varchar(255) CHARACTER SET utf8mb4 COLLATE utf8mb4_unicode_ci NULL DEFAULT NULL,
  `config_render_key` varchar(255) CHARACTER SET utf8mb4 COLLATE utf8mb4_unicode_ci NULL DEFAULT NULL,
  `attrs_disabled` tinyint(1) NULL DEFAULT NULL,
  `config_v_model` varchar(255) CHARACTER SET utf8mb4 COLLATE utf8mb4_unicode_ci NULL DEFAULT NULL,
  `config_show_label` tinyint(1) NULL DEFAULT NULL,
  `config_required` tinyint(1) NULL DEFAULT NULL,
  `config_change_tag` tinyint(1) NULL DEFAULT NULL,
  `config_tag_icon` varchar(255) CHARACTER SET utf8mb4 COLLATE utf8mb4_unicode_ci NULL DEFAULT NULL,
  `config_label` varchar(255) CHARACTER SET utf8mb4 COLLATE utf8mb4_unicode_ci NULL DEFAULT NULL,
  `field_length` int(11) NULL DEFAULT NULL,
  `field_current` varchar(10) CHARACTER SET utf8mb4 COLLATE utf8mb4_unicode_ci NULL DEFAULT NULL,
  `data_mapping_table` varchar(120) CHARACTER SET utf8mb4 COLLATE utf8mb4_unicode_ci NULL DEFAULT NULL,
  `create_by` varchar(64) CHARACTER SET utf8mb4 COLLATE utf8mb4_unicode_ci NULL DEFAULT NULL,
  `create_time` datetime(0) NULL DEFAULT CURRENT_TIMESTAMP(0),
  `form_extend_id` int(11) NULL DEFAULT NULL,
  `data_mapping_table_prefix` varchar(100) CHARACTER SET utf8mb4 COLLATE utf8mb4_unicode_ci NULL DEFAULT NULL,
  `data_mapping_table_suffix` varchar(100) CHARACTER SET utf8mb4 COLLATE utf8mb4_unicode_ci NULL DEFAULT NULL,
  PRIMARY KEY (`id`) USING BTREE
) ENGINE = InnoDB AUTO_INCREMENT = 1 CHARACTER SET = utf8mb4 COLLATE = utf8mb4_unicode_ci ROW_FORMAT = Dynamic;

-- ----------------------------
-- Records of intelligent_controls_checkbox
-- ----------------------------

-- ----------------------------
-- Table structure for intelligent_controls_color
-- ----------------------------
DROP TABLE IF EXISTS `intelligent_controls_color`;
CREATE TABLE `intelligent_controls_color`  (
  `id` int(11) NOT NULL AUTO_INCREMENT,
  `config_default_value` varchar(255) CHARACTER SET utf8mb4 COLLATE utf8mb4_unicode_ci NULL DEFAULT NULL,
  `config_reg_list` text CHARACTER SET utf8mb4 COLLATE utf8mb4_unicode_ci NULL,
  `config_label_width` int(11) NULL DEFAULT NULL,
  `config_form_id` int(11) NULL DEFAULT NULL,
  `config_layout` varchar(255) CHARACTER SET utf8mb4 COLLATE utf8mb4_unicode_ci NULL DEFAULT NULL,
  `config_tag` varchar(255) CHARACTER SET utf8mb4 COLLATE utf8mb4_unicode_ci NULL DEFAULT NULL,
  `attrs_size` varchar(255) CHARACTER SET utf8mb4 COLLATE utf8mb4_unicode_ci NULL DEFAULT NULL,
  `config_document` varchar(255) CHARACTER SET utf8mb4 COLLATE utf8mb4_unicode_ci NULL DEFAULT NULL,
  `config_span` int(11) NULL DEFAULT NULL,
  `config_render_key` varchar(255) CHARACTER SET utf8mb4 COLLATE utf8mb4_unicode_ci NULL DEFAULT NULL,
  `attrs_disabled` tinyint(1) NULL DEFAULT NULL,
  `config_v_model` varchar(255) CHARACTER SET utf8mb4 COLLATE utf8mb4_unicode_ci NULL DEFAULT NULL,
  `config_show_label` tinyint(1) NULL DEFAULT NULL,
  `config_required` tinyint(1) NULL DEFAULT NULL,
  `config_change_tag` tinyint(1) NULL DEFAULT NULL,
  `config_tag_icon` varchar(255) CHARACTER SET utf8mb4 COLLATE utf8mb4_unicode_ci NULL DEFAULT NULL,
  `attrs_show_alpha` tinyint(1) NULL DEFAULT NULL,
  `attrs_color_format` varchar(255) CHARACTER SET utf8mb4 COLLATE utf8mb4_unicode_ci NULL DEFAULT NULL,
  `config_label` varchar(255) CHARACTER SET utf8mb4 COLLATE utf8mb4_unicode_ci NULL DEFAULT NULL,
  `field_length` int(11) NULL DEFAULT NULL,
  `field_current` varchar(10) CHARACTER SET utf8mb4 COLLATE utf8mb4_unicode_ci NULL DEFAULT NULL,
  `data_mapping_table` varchar(120) CHARACTER SET utf8mb4 COLLATE utf8mb4_unicode_ci NULL DEFAULT NULL,
  `create_by` varchar(64) CHARACTER SET utf8mb4 COLLATE utf8mb4_unicode_ci NULL DEFAULT NULL,
  `create_time` datetime(0) NULL DEFAULT CURRENT_TIMESTAMP(0),
  `form_extend_id` int(11) NULL DEFAULT NULL,
  `data_mapping_table_prefix` varchar(100) CHARACTER SET utf8mb4 COLLATE utf8mb4_unicode_ci NULL DEFAULT NULL,
  `data_mapping_table_suffix` varchar(100) CHARACTER SET utf8mb4 COLLATE utf8mb4_unicode_ci NULL DEFAULT NULL,
  PRIMARY KEY (`id`) USING BTREE
) ENGINE = InnoDB AUTO_INCREMENT = 1 CHARACTER SET = utf8mb4 COLLATE = utf8mb4_unicode_ci ROW_FORMAT = Dynamic;

-- ----------------------------
-- Records of intelligent_controls_color
-- ----------------------------

-- ----------------------------
-- Table structure for intelligent_controls_date
-- ----------------------------
DROP TABLE IF EXISTS `intelligent_controls_date`;
CREATE TABLE `intelligent_controls_date`  (
  `id` int(11) NOT NULL AUTO_INCREMENT,
  `config_default_value` varchar(255) CHARACTER SET utf8mb4 COLLATE utf8mb4_unicode_ci NULL DEFAULT NULL,
  `attrs_placeholder` varchar(255) CHARACTER SET utf8mb4 COLLATE utf8mb4_unicode_ci NULL DEFAULT NULL,
  `config_reg_list` text CHARACTER SET utf8mb4 COLLATE utf8mb4_unicode_ci NULL,
  `attrs_value_format` varchar(255) CHARACTER SET utf8mb4 COLLATE utf8mb4_unicode_ci NULL DEFAULT NULL,
  `attrs_type` varchar(255) CHARACTER SET utf8mb4 COLLATE utf8mb4_unicode_ci NULL DEFAULT NULL,
  `config_label_width` int(11) NULL DEFAULT NULL,
  `config_form_id` int(11) NULL DEFAULT NULL,
  `attrs_readonly` tinyint(1) NULL DEFAULT NULL,
  `config_layout` varchar(255) CHARACTER SET utf8mb4 COLLATE utf8mb4_unicode_ci NULL DEFAULT NULL,
  `config_tag` varchar(255) CHARACTER SET utf8mb4 COLLATE utf8mb4_unicode_ci NULL DEFAULT NULL,
  `config_document` varchar(255) CHARACTER SET utf8mb4 COLLATE utf8mb4_unicode_ci NULL DEFAULT NULL,
  `config_span` int(11) NULL DEFAULT NULL,
  `config_render_key` varchar(255) CHARACTER SET utf8mb4 COLLATE utf8mb4_unicode_ci NULL DEFAULT NULL,
  `attrs_disabled` tinyint(1) NULL DEFAULT NULL,
  `style_width` varchar(255) CHARACTER SET utf8mb4 COLLATE utf8mb4_unicode_ci NULL DEFAULT NULL,
  `config_v_model` varchar(255) CHARACTER SET utf8mb4 COLLATE utf8mb4_unicode_ci NULL DEFAULT NULL,
  `config_show_label` tinyint(1) NULL DEFAULT NULL,
  `config_required` tinyint(1) NULL DEFAULT NULL,
  `attrs_clearable` tinyint(1) NULL DEFAULT NULL,
  `config_change_tag` tinyint(1) NULL DEFAULT NULL,
  `config_tag_icon` varchar(255) CHARACTER SET utf8mb4 COLLATE utf8mb4_unicode_ci NULL DEFAULT NULL,
  `attrs_format` varchar(255) CHARACTER SET utf8mb4 COLLATE utf8mb4_unicode_ci NULL DEFAULT NULL,
  `config_label` varchar(255) CHARACTER SET utf8mb4 COLLATE utf8mb4_unicode_ci NULL DEFAULT NULL,
  `field_length` int(11) NULL DEFAULT NULL,
  `field_current` varchar(10) CHARACTER SET utf8mb4 COLLATE utf8mb4_unicode_ci NULL DEFAULT NULL,
  `data_mapping_table` varchar(120) CHARACTER SET utf8mb4 COLLATE utf8mb4_unicode_ci NULL DEFAULT NULL,
  `create_by` varchar(64) CHARACTER SET utf8mb4 COLLATE utf8mb4_unicode_ci NULL DEFAULT NULL,
  `create_time` datetime(0) NULL DEFAULT CURRENT_TIMESTAMP(0),
  `form_extend_id` int(11) NULL DEFAULT NULL,
  `data_mapping_table_prefix` varchar(100) CHARACTER SET utf8mb4 COLLATE utf8mb4_unicode_ci NULL DEFAULT NULL,
  `data_mapping_table_suffix` varchar(100) CHARACTER SET utf8mb4 COLLATE utf8mb4_unicode_ci NULL DEFAULT NULL,
  PRIMARY KEY (`id`) USING BTREE
) ENGINE = InnoDB AUTO_INCREMENT = 1 CHARACTER SET = utf8mb4 COLLATE = utf8mb4_unicode_ci ROW_FORMAT = Dynamic;

-- ----------------------------
-- Records of intelligent_controls_date
-- ----------------------------

-- ----------------------------
-- Table structure for intelligent_controls_date_range
-- ----------------------------
DROP TABLE IF EXISTS `intelligent_controls_date_range`;
CREATE TABLE `intelligent_controls_date_range`  (
  `id` int(11) NOT NULL AUTO_INCREMENT,
  `attrs_value_format` varchar(255) CHARACTER SET utf8mb4 COLLATE utf8mb4_unicode_ci NULL DEFAULT NULL,
  `attrs_readonly` tinyint(1) NULL DEFAULT NULL,
  `config_tag` varchar(255) CHARACTER SET utf8mb4 COLLATE utf8mb4_unicode_ci NULL DEFAULT NULL,
  `attrs_start_placeholder` varchar(255) CHARACTER SET utf8mb4 COLLATE utf8mb4_unicode_ci NULL DEFAULT NULL,
  `config_document` varchar(255) CHARACTER SET utf8mb4 COLLATE utf8mb4_unicode_ci NULL DEFAULT NULL,
  `config_render_key` varchar(255) CHARACTER SET utf8mb4 COLLATE utf8mb4_unicode_ci NULL DEFAULT NULL,
  `config_v_model` varchar(255) CHARACTER SET utf8mb4 COLLATE utf8mb4_unicode_ci NULL DEFAULT NULL,
  `config_show_label` tinyint(1) NULL DEFAULT NULL,
  `config_required` tinyint(1) NULL DEFAULT NULL,
  `attrs_clearable` tinyint(1) NULL DEFAULT NULL,
  `config_tag_icon` varchar(255) CHARACTER SET utf8mb4 COLLATE utf8mb4_unicode_ci NULL DEFAULT NULL,
  `attrs_format` varchar(255) CHARACTER SET utf8mb4 COLLATE utf8mb4_unicode_ci NULL DEFAULT NULL,
  `config_label` varchar(255) CHARACTER SET utf8mb4 COLLATE utf8mb4_unicode_ci NULL DEFAULT NULL,
  `config_default_value` varchar(255) CHARACTER SET utf8mb4 COLLATE utf8mb4_unicode_ci NULL DEFAULT NULL,
  `config_reg_list` text CHARACTER SET utf8mb4 COLLATE utf8mb4_unicode_ci NULL,
  `attrs_type` varchar(255) CHARACTER SET utf8mb4 COLLATE utf8mb4_unicode_ci NULL DEFAULT NULL,
  `config_label_width` int(11) NULL DEFAULT NULL,
  `config_form_id` int(11) NULL DEFAULT NULL,
  `config_layout` varchar(255) CHARACTER SET utf8mb4 COLLATE utf8mb4_unicode_ci NULL DEFAULT NULL,
  `attrs_range_separator` varchar(255) CHARACTER SET utf8mb4 COLLATE utf8mb4_unicode_ci NULL DEFAULT NULL,
  `config_span` int(11) NULL DEFAULT NULL,
  `attrs_disabled` tinyint(1) NULL DEFAULT NULL,
  `style_width` varchar(255) CHARACTER SET utf8mb4 COLLATE utf8mb4_unicode_ci NULL DEFAULT NULL,
  `attrs_end_placeholder` varchar(255) CHARACTER SET utf8mb4 COLLATE utf8mb4_unicode_ci NULL DEFAULT NULL,
  `config_change_tag` tinyint(1) NULL DEFAULT NULL,
  `field_length` int(11) NULL DEFAULT NULL,
  `field_current` varchar(10) CHARACTER SET utf8mb4 COLLATE utf8mb4_unicode_ci NULL DEFAULT NULL,
  `data_mapping_table` varchar(120) CHARACTER SET utf8mb4 COLLATE utf8mb4_unicode_ci NULL DEFAULT NULL,
  `create_by` varchar(64) CHARACTER SET utf8mb4 COLLATE utf8mb4_unicode_ci NULL DEFAULT NULL,
  `create_time` datetime(0) NULL DEFAULT CURRENT_TIMESTAMP(0),
  `form_extend_id` int(11) NULL DEFAULT NULL,
  `data_mapping_table_prefix` varchar(100) CHARACTER SET utf8mb4 COLLATE utf8mb4_unicode_ci NULL DEFAULT NULL,
  `data_mapping_table_suffix` varchar(100) CHARACTER SET utf8mb4 COLLATE utf8mb4_unicode_ci NULL DEFAULT NULL,
  PRIMARY KEY (`id`) USING BTREE
) ENGINE = InnoDB AUTO_INCREMENT = 1 CHARACTER SET = utf8mb4 COLLATE = utf8mb4_unicode_ci ROW_FORMAT = Dynamic;

-- ----------------------------
-- Records of intelligent_controls_date_range
-- ----------------------------

-- ----------------------------
-- Table structure for intelligent_controls_input
-- ----------------------------
DROP TABLE IF EXISTS `intelligent_controls_input`;
CREATE TABLE `intelligent_controls_input`  (
  `id` int(11) NOT NULL AUTO_INCREMENT,
  `attrs_placeholder` varchar(255) CHARACTER SET utf8mb4 COLLATE utf8mb4_unicode_ci NULL DEFAULT NULL,
  `attrs_readonly` tinyint(1) NULL DEFAULT NULL,
  `config_tag` varchar(255) CHARACTER SET utf8mb4 COLLATE utf8mb4_unicode_ci NULL DEFAULT NULL,
  `config_document` varchar(255) CHARACTER SET utf8mb4 COLLATE utf8mb4_unicode_ci NULL DEFAULT NULL,
  `config_render_key` varchar(255) CHARACTER SET utf8mb4 COLLATE utf8mb4_unicode_ci NULL DEFAULT NULL,
  `config_v_model` varchar(255) CHARACTER SET utf8mb4 COLLATE utf8mb4_unicode_ci NULL DEFAULT NULL,
  `config_show_label` tinyint(1) NULL DEFAULT NULL,
  `config_required` tinyint(1) NULL DEFAULT NULL,
  `attrs_clearable` tinyint(1) NULL DEFAULT NULL,
  `config_tag_icon` varchar(255) CHARACTER SET utf8mb4 COLLATE utf8mb4_unicode_ci NULL DEFAULT NULL,
  `attrs_suffix_icon` varchar(255) CHARACTER SET utf8mb4 COLLATE utf8mb4_unicode_ci NULL DEFAULT NULL,
  `config_label` varchar(255) CHARACTER SET utf8mb4 COLLATE utf8mb4_unicode_ci NULL DEFAULT NULL,
  `config_default_value` varchar(255) CHARACTER SET utf8mb4 COLLATE utf8mb4_unicode_ci NULL DEFAULT NULL,
  `config_reg_list` text CHARACTER SET utf8mb4 COLLATE utf8mb4_unicode_ci NULL,
  `attrs_maxlength` int(11) NULL DEFAULT NULL,
  `config_label_width` int(11) NULL DEFAULT NULL,
  `config_form_id` int(11) NULL DEFAULT NULL,
  `config_layout` varchar(255) CHARACTER SET utf8mb4 COLLATE utf8mb4_unicode_ci NULL DEFAULT NULL,
  `config_span` int(11) NULL DEFAULT NULL,
  `attrs_prefix_icon` varchar(255) CHARACTER SET utf8mb4 COLLATE utf8mb4_unicode_ci NULL DEFAULT NULL,
  `attrs_disabled` tinyint(1) NULL DEFAULT NULL,
  `style_width` varchar(255) CHARACTER SET utf8mb4 COLLATE utf8mb4_unicode_ci NULL DEFAULT NULL,
  `slot_prepend` varchar(255) CHARACTER SET utf8mb4 COLLATE utf8mb4_unicode_ci NULL DEFAULT NULL,
  `config_change_tag` tinyint(1) NULL DEFAULT NULL,
  `slot_append` varchar(255) CHARACTER SET utf8mb4 COLLATE utf8mb4_unicode_ci NULL DEFAULT NULL,
  `attrs_show_word_limit` tinyint(1) NULL DEFAULT NULL,
  `field_length` int(11) NULL DEFAULT NULL,
  `field_current` varchar(10) CHARACTER SET utf8mb4 COLLATE utf8mb4_unicode_ci NULL DEFAULT NULL,
  `data_mapping_table` varchar(120) CHARACTER SET utf8mb4 COLLATE utf8mb4_unicode_ci NULL DEFAULT NULL,
  `create_by` varchar(64) CHARACTER SET utf8mb4 COLLATE utf8mb4_unicode_ci NULL DEFAULT NULL,
  `create_time` datetime(0) NULL DEFAULT CURRENT_TIMESTAMP(0),
  `form_extend_id` int(11) NULL DEFAULT NULL,
  `data_mapping_table_prefix` varchar(100) CHARACTER SET utf8mb4 COLLATE utf8mb4_unicode_ci NULL DEFAULT NULL,
  `data_mapping_table_suffix` varchar(100) CHARACTER SET utf8mb4 COLLATE utf8mb4_unicode_ci NULL DEFAULT NULL,
  PRIMARY KEY (`id`) USING BTREE
) ENGINE = InnoDB AUTO_INCREMENT = 94 CHARACTER SET = utf8mb4 COLLATE = utf8mb4_unicode_ci ROW_FORMAT = Dynamic;

-- ----------------------------
-- Records of intelligent_controls_input
-- ----------------------------
INSERT INTO `intelligent_controls_input` VALUES (93, '请输入单行文本', 0, 'el-input', 'https://element.eleme.cn/#/zh-CN/component/input', '1011617062740739', 'field101', 1, 1, 1, 'input', NULL, '单行文本', '1001', NULL, NULL, NULL, 101, 'colFormItem', 24, NULL, 0, '100%', NULL, 1, NULL, 0, 5, 'field1', 'intelligent_business_demo', 'entfrm', '2021-03-30 08:05:59', 36, 'intelligent_business_', 'demo');

-- ----------------------------
-- Table structure for intelligent_controls_number
-- ----------------------------
DROP TABLE IF EXISTS `intelligent_controls_number`;
CREATE TABLE `intelligent_controls_number`  (
  `id` int(11) NOT NULL AUTO_INCREMENT,
  `attrs_placeholder` varchar(255) CHARACTER SET utf8mb4 COLLATE utf8mb4_unicode_ci NULL DEFAULT NULL,
  `config_reg_list` text CHARACTER SET utf8mb4 COLLATE utf8mb4_unicode_ci NULL,
  `config_label_width` int(11) NULL DEFAULT NULL,
  `config_form_id` int(11) NULL DEFAULT NULL,
  `attrs_step_strictly` tinyint(1) NULL DEFAULT NULL,
  `config_layout` varchar(255) CHARACTER SET utf8mb4 COLLATE utf8mb4_unicode_ci NULL DEFAULT NULL,
  `config_tag` varchar(255) CHARACTER SET utf8mb4 COLLATE utf8mb4_unicode_ci NULL DEFAULT NULL,
  `config_document` varchar(255) CHARACTER SET utf8mb4 COLLATE utf8mb4_unicode_ci NULL DEFAULT NULL,
  `config_span` int(11) NULL DEFAULT NULL,
  `attrs_controls_position` varchar(255) CHARACTER SET utf8mb4 COLLATE utf8mb4_unicode_ci NULL DEFAULT NULL,
  `config_render_key` varchar(255) CHARACTER SET utf8mb4 COLLATE utf8mb4_unicode_ci NULL DEFAULT NULL,
  `attrs_disabled` tinyint(1) NULL DEFAULT NULL,
  `config_v_model` varchar(255) CHARACTER SET utf8mb4 COLLATE utf8mb4_unicode_ci NULL DEFAULT NULL,
  `config_show_label` tinyint(1) NULL DEFAULT NULL,
  `config_required` tinyint(1) NULL DEFAULT NULL,
  `config_change_tag` tinyint(1) NULL DEFAULT NULL,
  `config_tag_icon` varchar(255) CHARACTER SET utf8mb4 COLLATE utf8mb4_unicode_ci NULL DEFAULT NULL,
  `attrs_step` int(11) NULL DEFAULT NULL,
  `config_label` varchar(255) CHARACTER SET utf8mb4 COLLATE utf8mb4_unicode_ci NULL DEFAULT NULL,
  `field_length` int(11) NULL DEFAULT NULL,
  `field_current` varchar(10) CHARACTER SET utf8mb4 COLLATE utf8mb4_unicode_ci NULL DEFAULT NULL,
  `data_mapping_table` varchar(120) CHARACTER SET utf8mb4 COLLATE utf8mb4_unicode_ci NULL DEFAULT NULL,
  `create_by` varchar(64) CHARACTER SET utf8mb4 COLLATE utf8mb4_unicode_ci NULL DEFAULT NULL,
  `create_time` datetime(0) NULL DEFAULT CURRENT_TIMESTAMP(0),
  `form_extend_id` int(11) NULL DEFAULT NULL,
  `data_mapping_table_prefix` varchar(100) CHARACTER SET utf8mb4 COLLATE utf8mb4_unicode_ci NULL DEFAULT NULL,
  `data_mapping_table_suffix` varchar(100) CHARACTER SET utf8mb4 COLLATE utf8mb4_unicode_ci NULL DEFAULT NULL,
  PRIMARY KEY (`id`) USING BTREE
) ENGINE = InnoDB AUTO_INCREMENT = 6 CHARACTER SET = utf8mb4 COLLATE = utf8mb4_unicode_ci ROW_FORMAT = Dynamic;

-- ----------------------------
-- Records of intelligent_controls_number
-- ----------------------------
INSERT INTO `intelligent_controls_number` VALUES (5, '计数器', NULL, NULL, 104, 0, 'colFormItem', 'el-input-number', 'https://element.eleme.cn/#/zh-CN/component/input-number', 24, NULL, '1041617062744859', 0, 'field104', 1, 1, 1, 'number', 1, '计数器', 5, 'field4', 'intelligent_business_demo', 'entfrm', '2021-03-30 08:05:59', 36, 'intelligent_business_', 'demo');

-- ----------------------------
-- Table structure for intelligent_controls_password
-- ----------------------------
DROP TABLE IF EXISTS `intelligent_controls_password`;
CREATE TABLE `intelligent_controls_password`  (
  `id` int(11) NOT NULL AUTO_INCREMENT,
  `attrs_placeholder` varchar(255) CHARACTER SET utf8mb4 COLLATE utf8mb4_unicode_ci NULL DEFAULT NULL,
  `attrs_readonly` tinyint(1) NULL DEFAULT NULL,
  `config_tag` varchar(255) CHARACTER SET utf8mb4 COLLATE utf8mb4_unicode_ci NULL DEFAULT NULL,
  `config_document` varchar(255) CHARACTER SET utf8mb4 COLLATE utf8mb4_unicode_ci NULL DEFAULT NULL,
  `config_render_key` varchar(255) CHARACTER SET utf8mb4 COLLATE utf8mb4_unicode_ci NULL DEFAULT NULL,
  `config_v_model` varchar(255) CHARACTER SET utf8mb4 COLLATE utf8mb4_unicode_ci NULL DEFAULT NULL,
  `config_show_label` tinyint(1) NULL DEFAULT NULL,
  `config_required` tinyint(1) NULL DEFAULT NULL,
  `attrs_clearable` tinyint(1) NULL DEFAULT NULL,
  `config_tag_icon` varchar(255) CHARACTER SET utf8mb4 COLLATE utf8mb4_unicode_ci NULL DEFAULT NULL,
  `attrs_suffix_icon` varchar(255) CHARACTER SET utf8mb4 COLLATE utf8mb4_unicode_ci NULL DEFAULT NULL,
  `config_label` varchar(255) CHARACTER SET utf8mb4 COLLATE utf8mb4_unicode_ci NULL DEFAULT NULL,
  `config_default_value` varchar(255) CHARACTER SET utf8mb4 COLLATE utf8mb4_unicode_ci NULL DEFAULT NULL,
  `config_reg_list` text CHARACTER SET utf8mb4 COLLATE utf8mb4_unicode_ci NULL,
  `attrs_maxlength` int(11) NULL DEFAULT NULL,
  `config_label_width` int(11) NULL DEFAULT NULL,
  `config_form_id` int(11) NULL DEFAULT NULL,
  `config_layout` varchar(255) CHARACTER SET utf8mb4 COLLATE utf8mb4_unicode_ci NULL DEFAULT NULL,
  `config_span` int(11) NULL DEFAULT NULL,
  `attrs_prefix_icon` varchar(255) CHARACTER SET utf8mb4 COLLATE utf8mb4_unicode_ci NULL DEFAULT NULL,
  `attrs_disabled` tinyint(1) NULL DEFAULT NULL,
  `style_width` varchar(255) CHARACTER SET utf8mb4 COLLATE utf8mb4_unicode_ci NULL DEFAULT NULL,
  `slot_prepend` varchar(255) CHARACTER SET utf8mb4 COLLATE utf8mb4_unicode_ci NULL DEFAULT NULL,
  `config_change_tag` tinyint(1) NULL DEFAULT NULL,
  `attrs_show_password` tinyint(1) NULL DEFAULT NULL,
  `slot_append` varchar(255) CHARACTER SET utf8mb4 COLLATE utf8mb4_unicode_ci NULL DEFAULT NULL,
  `attrs_show_word_limit` tinyint(1) NULL DEFAULT NULL,
  `field_length` int(11) NULL DEFAULT NULL,
  `field_current` varchar(10) CHARACTER SET utf8mb4 COLLATE utf8mb4_unicode_ci NULL DEFAULT NULL,
  `data_mapping_table` varchar(120) CHARACTER SET utf8mb4 COLLATE utf8mb4_unicode_ci NULL DEFAULT NULL,
  `create_by` varchar(64) CHARACTER SET utf8mb4 COLLATE utf8mb4_unicode_ci NULL DEFAULT NULL,
  `create_time` datetime(0) NULL DEFAULT CURRENT_TIMESTAMP(0),
  `form_extend_id` int(11) NULL DEFAULT NULL,
  `data_mapping_table_prefix` varchar(100) CHARACTER SET utf8mb4 COLLATE utf8mb4_unicode_ci NULL DEFAULT NULL,
  `data_mapping_table_suffix` varchar(100) CHARACTER SET utf8mb4 COLLATE utf8mb4_unicode_ci NULL DEFAULT NULL,
  PRIMARY KEY (`id`) USING BTREE
) ENGINE = InnoDB AUTO_INCREMENT = 22 CHARACTER SET = utf8mb4 COLLATE = utf8mb4_unicode_ci ROW_FORMAT = Dynamic;

-- ----------------------------
-- Records of intelligent_controls_password
-- ----------------------------
INSERT INTO `intelligent_controls_password` VALUES (21, '请输入密码', 0, 'el-input', 'https://element.eleme.cn/#/zh-CN/component/input', '1031617062743482', 'field103', 1, 1, 1, 'password', NULL, '密码', '86228228', NULL, NULL, NULL, 103, 'colFormItem', 24, NULL, 0, '100%', NULL, 1, 1, NULL, 0, 5, 'field3', 'intelligent_business_demo', 'entfrm', '2021-03-30 08:05:59', 36, 'intelligent_business_', 'demo');

-- ----------------------------
-- Table structure for intelligent_controls_radio
-- ----------------------------
DROP TABLE IF EXISTS `intelligent_controls_radio`;
CREATE TABLE `intelligent_controls_radio`  (
  `id` int(11) NOT NULL AUTO_INCREMENT,
  `config_reg_list` text CHARACTER SET utf8mb4 COLLATE utf8mb4_unicode_ci NULL,
  `slot_options` text CHARACTER SET utf8mb4 COLLATE utf8mb4_unicode_ci NULL,
  `config_label_width` int(11) NULL DEFAULT NULL,
  `config_form_id` int(11) NULL DEFAULT NULL,
  `config_border` tinyint(1) NULL DEFAULT NULL,
  `config_layout` varchar(255) CHARACTER SET utf8mb4 COLLATE utf8mb4_unicode_ci NULL DEFAULT NULL,
  `config_tag` varchar(255) CHARACTER SET utf8mb4 COLLATE utf8mb4_unicode_ci NULL DEFAULT NULL,
  `attrs_size` varchar(255) CHARACTER SET utf8mb4 COLLATE utf8mb4_unicode_ci NULL DEFAULT NULL,
  `config_document` varchar(255) CHARACTER SET utf8mb4 COLLATE utf8mb4_unicode_ci NULL DEFAULT NULL,
  `config_span` int(11) NULL DEFAULT NULL,
  `config_option_type` varchar(255) CHARACTER SET utf8mb4 COLLATE utf8mb4_unicode_ci NULL DEFAULT NULL,
  `config_render_key` varchar(255) CHARACTER SET utf8mb4 COLLATE utf8mb4_unicode_ci NULL DEFAULT NULL,
  `attrs_disabled` tinyint(1) NULL DEFAULT NULL,
  `config_v_model` varchar(255) CHARACTER SET utf8mb4 COLLATE utf8mb4_unicode_ci NULL DEFAULT NULL,
  `config_show_label` tinyint(1) NULL DEFAULT NULL,
  `config_required` tinyint(1) NULL DEFAULT NULL,
  `config_change_tag` tinyint(1) NULL DEFAULT NULL,
  `config_tag_icon` varchar(255) CHARACTER SET utf8mb4 COLLATE utf8mb4_unicode_ci NULL DEFAULT NULL,
  `config_label` varchar(255) CHARACTER SET utf8mb4 COLLATE utf8mb4_unicode_ci NULL DEFAULT NULL,
  `field_length` int(11) NULL DEFAULT NULL,
  `field_current` varchar(10) CHARACTER SET utf8mb4 COLLATE utf8mb4_unicode_ci NULL DEFAULT NULL,
  `data_mapping_table` varchar(120) CHARACTER SET utf8mb4 COLLATE utf8mb4_unicode_ci NULL DEFAULT NULL,
  `create_by` varchar(64) CHARACTER SET utf8mb4 COLLATE utf8mb4_unicode_ci NULL DEFAULT NULL,
  `create_time` datetime(0) NULL DEFAULT CURRENT_TIMESTAMP(0),
  `form_extend_id` int(11) NULL DEFAULT NULL,
  `data_mapping_table_prefix` varchar(100) CHARACTER SET utf8mb4 COLLATE utf8mb4_unicode_ci NULL DEFAULT NULL,
  `data_mapping_table_suffix` varchar(100) CHARACTER SET utf8mb4 COLLATE utf8mb4_unicode_ci NULL DEFAULT NULL,
  PRIMARY KEY (`id`) USING BTREE
) ENGINE = InnoDB AUTO_INCREMENT = 1 CHARACTER SET = utf8mb4 COLLATE = utf8mb4_unicode_ci ROW_FORMAT = Dynamic;

-- ----------------------------
-- Records of intelligent_controls_radio
-- ----------------------------

-- ----------------------------
-- Table structure for intelligent_controls_rate
-- ----------------------------
DROP TABLE IF EXISTS `intelligent_controls_rate`;
CREATE TABLE `intelligent_controls_rate`  (
  `id` int(11) NOT NULL AUTO_INCREMENT,
  `config_default_value` int(11) NULL DEFAULT NULL,
  `config_reg_list` text CHARACTER SET utf8mb4 COLLATE utf8mb4_unicode_ci NULL,
  `config_label_width` int(11) NULL DEFAULT NULL,
  `config_form_id` int(11) NULL DEFAULT NULL,
  `config_layout` varchar(255) CHARACTER SET utf8mb4 COLLATE utf8mb4_unicode_ci NULL DEFAULT NULL,
  `config_tag` varchar(255) CHARACTER SET utf8mb4 COLLATE utf8mb4_unicode_ci NULL DEFAULT NULL,
  `attrs_show_score` tinyint(1) NULL DEFAULT NULL,
  `config_document` varchar(255) CHARACTER SET utf8mb4 COLLATE utf8mb4_unicode_ci NULL DEFAULT NULL,
  `config_span` int(11) NULL DEFAULT NULL,
  `config_render_key` varchar(255) CHARACTER SET utf8mb4 COLLATE utf8mb4_unicode_ci NULL DEFAULT NULL,
  `attrs_allow_half` tinyint(1) NULL DEFAULT NULL,
  `attrs_disabled` tinyint(1) NULL DEFAULT NULL,
  `config_v_model` varchar(255) CHARACTER SET utf8mb4 COLLATE utf8mb4_unicode_ci NULL DEFAULT NULL,
  `attrs_max` int(11) NULL DEFAULT NULL,
  `config_show_label` tinyint(1) NULL DEFAULT NULL,
  `config_required` tinyint(1) NULL DEFAULT NULL,
  `attrs_show_text` tinyint(1) NULL DEFAULT NULL,
  `config_change_tag` tinyint(1) NULL DEFAULT NULL,
  `config_tag_icon` varchar(255) CHARACTER SET utf8mb4 COLLATE utf8mb4_unicode_ci NULL DEFAULT NULL,
  `config_label` varchar(255) CHARACTER SET utf8mb4 COLLATE utf8mb4_unicode_ci NULL DEFAULT NULL,
  `field_length` int(11) NULL DEFAULT NULL,
  `field_current` varchar(10) CHARACTER SET utf8mb4 COLLATE utf8mb4_unicode_ci NULL DEFAULT NULL,
  `data_mapping_table` varchar(120) CHARACTER SET utf8mb4 COLLATE utf8mb4_unicode_ci NULL DEFAULT NULL,
  `create_by` varchar(64) CHARACTER SET utf8mb4 COLLATE utf8mb4_unicode_ci NULL DEFAULT NULL,
  `create_time` datetime(0) NULL DEFAULT CURRENT_TIMESTAMP(0),
  `form_extend_id` int(11) NULL DEFAULT NULL,
  `data_mapping_table_prefix` varchar(100) CHARACTER SET utf8mb4 COLLATE utf8mb4_unicode_ci NULL DEFAULT NULL,
  `data_mapping_table_suffix` varchar(100) CHARACTER SET utf8mb4 COLLATE utf8mb4_unicode_ci NULL DEFAULT NULL,
  PRIMARY KEY (`id`) USING BTREE
) ENGINE = InnoDB AUTO_INCREMENT = 1 CHARACTER SET = utf8mb4 COLLATE = utf8mb4_unicode_ci ROW_FORMAT = Dynamic;

-- ----------------------------
-- Records of intelligent_controls_rate
-- ----------------------------

-- ----------------------------
-- Table structure for intelligent_controls_select
-- ----------------------------
DROP TABLE IF EXISTS `intelligent_controls_select`;
CREATE TABLE `intelligent_controls_select`  (
  `id` int(11) NOT NULL AUTO_INCREMENT,
  `attrs_placeholder` varchar(255) CHARACTER SET utf8mb4 COLLATE utf8mb4_unicode_ci NULL DEFAULT NULL,
  `config_reg_list` text CHARACTER SET utf8mb4 COLLATE utf8mb4_unicode_ci NULL,
  `slot_options` text CHARACTER SET utf8mb4 COLLATE utf8mb4_unicode_ci NULL,
  `config_label_width` int(11) NULL DEFAULT NULL,
  `config_form_id` int(11) NULL DEFAULT NULL,
  `attrs_filterable` tinyint(1) NULL DEFAULT NULL,
  `config_layout` varchar(255) CHARACTER SET utf8mb4 COLLATE utf8mb4_unicode_ci NULL DEFAULT NULL,
  `config_tag` varchar(255) CHARACTER SET utf8mb4 COLLATE utf8mb4_unicode_ci NULL DEFAULT NULL,
  `config_document` varchar(255) CHARACTER SET utf8mb4 COLLATE utf8mb4_unicode_ci NULL DEFAULT NULL,
  `config_span` int(11) NULL DEFAULT NULL,
  `config_render_key` varchar(255) CHARACTER SET utf8mb4 COLLATE utf8mb4_unicode_ci NULL DEFAULT NULL,
  `attrs_disabled` tinyint(1) NULL DEFAULT NULL,
  `style_width` varchar(255) CHARACTER SET utf8mb4 COLLATE utf8mb4_unicode_ci NULL DEFAULT NULL,
  `config_v_model` varchar(255) CHARACTER SET utf8mb4 COLLATE utf8mb4_unicode_ci NULL DEFAULT NULL,
  `config_show_label` tinyint(1) NULL DEFAULT NULL,
  `config_required` tinyint(1) NULL DEFAULT NULL,
  `attrs_clearable` tinyint(1) NULL DEFAULT NULL,
  `config_change_tag` tinyint(1) NULL DEFAULT NULL,
  `config_tag_icon` varchar(255) CHARACTER SET utf8mb4 COLLATE utf8mb4_unicode_ci NULL DEFAULT NULL,
  `attrs_multiple` tinyint(1) NULL DEFAULT NULL,
  `config_label` varchar(255) CHARACTER SET utf8mb4 COLLATE utf8mb4_unicode_ci NULL DEFAULT NULL,
  `field_length` int(11) NULL DEFAULT NULL,
  `field_current` varchar(10) CHARACTER SET utf8mb4 COLLATE utf8mb4_unicode_ci NULL DEFAULT NULL,
  `data_mapping_table` varchar(120) CHARACTER SET utf8mb4 COLLATE utf8mb4_unicode_ci NULL DEFAULT NULL,
  `create_by` varchar(64) CHARACTER SET utf8mb4 COLLATE utf8mb4_unicode_ci NULL DEFAULT NULL,
  `create_time` datetime(0) NULL DEFAULT CURRENT_TIMESTAMP(0),
  `form_extend_id` int(11) NULL DEFAULT NULL,
  `data_mapping_table_prefix` varchar(100) CHARACTER SET utf8mb4 COLLATE utf8mb4_unicode_ci NULL DEFAULT NULL,
  `data_mapping_table_suffix` varchar(100) CHARACTER SET utf8mb4 COLLATE utf8mb4_unicode_ci NULL DEFAULT NULL,
  PRIMARY KEY (`id`) USING BTREE
) ENGINE = InnoDB AUTO_INCREMENT = 1 CHARACTER SET = utf8mb4 COLLATE = utf8mb4_unicode_ci ROW_FORMAT = Dynamic;

-- ----------------------------
-- Records of intelligent_controls_select
-- ----------------------------

-- ----------------------------
-- Table structure for intelligent_controls_slider
-- ----------------------------
DROP TABLE IF EXISTS `intelligent_controls_slider`;
CREATE TABLE `intelligent_controls_slider`  (
  `id` int(11) NOT NULL AUTO_INCREMENT,
  `config_default_value` int(11) NULL DEFAULT NULL,
  `config_reg_list` text CHARACTER SET utf8mb4 COLLATE utf8mb4_unicode_ci NULL,
  `attrs_show_stops` tinyint(1) NULL DEFAULT NULL,
  `config_label_width` int(11) NULL DEFAULT NULL,
  `config_form_id` int(11) NULL DEFAULT NULL,
  `attrs_min` int(11) NULL DEFAULT NULL,
  `config_layout` varchar(255) CHARACTER SET utf8mb4 COLLATE utf8mb4_unicode_ci NULL DEFAULT NULL,
  `config_tag` varchar(255) CHARACTER SET utf8mb4 COLLATE utf8mb4_unicode_ci NULL DEFAULT NULL,
  `config_document` varchar(255) CHARACTER SET utf8mb4 COLLATE utf8mb4_unicode_ci NULL DEFAULT NULL,
  `config_span` int(11) NULL DEFAULT NULL,
  `config_render_key` varchar(255) CHARACTER SET utf8mb4 COLLATE utf8mb4_unicode_ci NULL DEFAULT NULL,
  `attrs_disabled` tinyint(1) NULL DEFAULT NULL,
  `config_v_model` varchar(255) CHARACTER SET utf8mb4 COLLATE utf8mb4_unicode_ci NULL DEFAULT NULL,
  `attrs_max` int(11) NULL DEFAULT NULL,
  `attrs_range` tinyint(1) NULL DEFAULT NULL,
  `config_show_label` tinyint(1) NULL DEFAULT NULL,
  `config_required` tinyint(1) NULL DEFAULT NULL,
  `config_change_tag` tinyint(1) NULL DEFAULT NULL,
  `config_tag_icon` varchar(255) CHARACTER SET utf8mb4 COLLATE utf8mb4_unicode_ci NULL DEFAULT NULL,
  `attrs_step` int(11) NULL DEFAULT NULL,
  `config_label` varchar(255) CHARACTER SET utf8mb4 COLLATE utf8mb4_unicode_ci NULL DEFAULT NULL,
  `field_length` int(11) NULL DEFAULT NULL,
  `field_current` varchar(10) CHARACTER SET utf8mb4 COLLATE utf8mb4_unicode_ci NULL DEFAULT NULL,
  `data_mapping_table` varchar(120) CHARACTER SET utf8mb4 COLLATE utf8mb4_unicode_ci NULL DEFAULT NULL,
  `create_by` varchar(64) CHARACTER SET utf8mb4 COLLATE utf8mb4_unicode_ci NULL DEFAULT NULL,
  `create_time` datetime(0) NULL DEFAULT CURRENT_TIMESTAMP(0),
  `form_extend_id` int(11) NULL DEFAULT NULL,
  `data_mapping_table_prefix` varchar(100) CHARACTER SET utf8mb4 COLLATE utf8mb4_unicode_ci NULL DEFAULT NULL,
  `data_mapping_table_suffix` varchar(100) CHARACTER SET utf8mb4 COLLATE utf8mb4_unicode_ci NULL DEFAULT NULL,
  PRIMARY KEY (`id`) USING BTREE
) ENGINE = InnoDB AUTO_INCREMENT = 1 CHARACTER SET = utf8mb4 COLLATE = utf8mb4_unicode_ci ROW_FORMAT = Dynamic;

-- ----------------------------
-- Records of intelligent_controls_slider
-- ----------------------------

-- ----------------------------
-- Table structure for intelligent_controls_switch
-- ----------------------------
DROP TABLE IF EXISTS `intelligent_controls_switch`;
CREATE TABLE `intelligent_controls_switch`  (
  `id` int(11) NOT NULL AUTO_INCREMENT,
  `config_default_value` tinyint(1) NULL DEFAULT NULL,
  `config_reg_list` text CHARACTER SET utf8mb4 COLLATE utf8mb4_unicode_ci NULL,
  `config_label_width` int(11) NULL DEFAULT NULL,
  `attrs_active_value` tinyint(1) NULL DEFAULT NULL,
  `config_form_id` int(11) NULL DEFAULT NULL,
  `config_layout` varchar(255) CHARACTER SET utf8mb4 COLLATE utf8mb4_unicode_ci NULL DEFAULT NULL,
  `config_tag` varchar(255) CHARACTER SET utf8mb4 COLLATE utf8mb4_unicode_ci NULL DEFAULT NULL,
  `attrs_active_text` varchar(255) CHARACTER SET utf8mb4 COLLATE utf8mb4_unicode_ci NULL DEFAULT NULL,
  `attrs_active_color` varchar(255) CHARACTER SET utf8mb4 COLLATE utf8mb4_unicode_ci NULL DEFAULT NULL,
  `config_document` varchar(255) CHARACTER SET utf8mb4 COLLATE utf8mb4_unicode_ci NULL DEFAULT NULL,
  `config_span` int(11) NULL DEFAULT NULL,
  `config_render_key` varchar(255) CHARACTER SET utf8mb4 COLLATE utf8mb4_unicode_ci NULL DEFAULT NULL,
  `attrs_disabled` tinyint(1) NULL DEFAULT NULL,
  `config_v_model` varchar(255) CHARACTER SET utf8mb4 COLLATE utf8mb4_unicode_ci NULL DEFAULT NULL,
  `config_show_label` tinyint(1) NULL DEFAULT NULL,
  `config_required` tinyint(1) NULL DEFAULT NULL,
  `config_change_tag` tinyint(1) NULL DEFAULT NULL,
  `attrs_inactive_color` varchar(255) CHARACTER SET utf8mb4 COLLATE utf8mb4_unicode_ci NULL DEFAULT NULL,
  `config_tag_icon` varchar(255) CHARACTER SET utf8mb4 COLLATE utf8mb4_unicode_ci NULL DEFAULT NULL,
  `attrs_inactive_text` varchar(255) CHARACTER SET utf8mb4 COLLATE utf8mb4_unicode_ci NULL DEFAULT NULL,
  `attrs_inactive_value` tinyint(1) NULL DEFAULT NULL,
  `config_label` varchar(255) CHARACTER SET utf8mb4 COLLATE utf8mb4_unicode_ci NULL DEFAULT NULL,
  `field_length` int(11) NULL DEFAULT NULL,
  `field_current` varchar(10) CHARACTER SET utf8mb4 COLLATE utf8mb4_unicode_ci NULL DEFAULT NULL,
  `data_mapping_table` varchar(120) CHARACTER SET utf8mb4 COLLATE utf8mb4_unicode_ci NULL DEFAULT NULL,
  `create_by` varchar(64) CHARACTER SET utf8mb4 COLLATE utf8mb4_unicode_ci NULL DEFAULT NULL,
  `create_time` datetime(0) NULL DEFAULT CURRENT_TIMESTAMP(0),
  `form_extend_id` int(11) NULL DEFAULT NULL,
  `data_mapping_table_prefix` varchar(100) CHARACTER SET utf8mb4 COLLATE utf8mb4_unicode_ci NULL DEFAULT NULL,
  `data_mapping_table_suffix` varchar(100) CHARACTER SET utf8mb4 COLLATE utf8mb4_unicode_ci NULL DEFAULT NULL,
  PRIMARY KEY (`id`) USING BTREE
) ENGINE = InnoDB AUTO_INCREMENT = 1 CHARACTER SET = utf8mb4 COLLATE = utf8mb4_unicode_ci ROW_FORMAT = Dynamic;

-- ----------------------------
-- Records of intelligent_controls_switch
-- ----------------------------

-- ----------------------------
-- Table structure for intelligent_controls_textarea
-- ----------------------------
DROP TABLE IF EXISTS `intelligent_controls_textarea`;
CREATE TABLE `intelligent_controls_textarea`  (
  `id` int(11) NOT NULL AUTO_INCREMENT,
  `attrs_placeholder` varchar(255) CHARACTER SET utf8mb4 COLLATE utf8mb4_unicode_ci NULL DEFAULT NULL,
  `config_reg_list` text CHARACTER SET utf8mb4 COLLATE utf8mb4_unicode_ci NULL,
  `attrs_maxlength` int(11) NULL DEFAULT NULL,
  `attrs_type` varchar(255) CHARACTER SET utf8mb4 COLLATE utf8mb4_unicode_ci NULL DEFAULT NULL,
  `config_label_width` int(11) NULL DEFAULT NULL,
  `config_form_id` int(11) NULL DEFAULT NULL,
  `attrs_readonly` tinyint(1) NULL DEFAULT NULL,
  `config_layout` varchar(255) CHARACTER SET utf8mb4 COLLATE utf8mb4_unicode_ci NULL DEFAULT NULL,
  `config_tag` varchar(255) CHARACTER SET utf8mb4 COLLATE utf8mb4_unicode_ci NULL DEFAULT NULL,
  `config_document` varchar(255) CHARACTER SET utf8mb4 COLLATE utf8mb4_unicode_ci NULL DEFAULT NULL,
  `config_span` int(11) NULL DEFAULT NULL,
  `config_render_key` varchar(255) CHARACTER SET utf8mb4 COLLATE utf8mb4_unicode_ci NULL DEFAULT NULL,
  `attrs_autosize_min_rows` int(11) NULL DEFAULT NULL,
  `attrs_autosize_max_rows` int(11) NULL DEFAULT NULL,
  `attrs_disabled` tinyint(1) NULL DEFAULT NULL,
  `style_width` varchar(255) CHARACTER SET utf8mb4 COLLATE utf8mb4_unicode_ci NULL DEFAULT NULL,
  `config_v_model` varchar(255) CHARACTER SET utf8mb4 COLLATE utf8mb4_unicode_ci NULL DEFAULT NULL,
  `config_show_label` tinyint(1) NULL DEFAULT NULL,
  `config_required` tinyint(1) NULL DEFAULT NULL,
  `config_change_tag` tinyint(1) NULL DEFAULT NULL,
  `config_tag_icon` varchar(255) CHARACTER SET utf8mb4 COLLATE utf8mb4_unicode_ci NULL DEFAULT NULL,
  `attrs_show_word_limit` tinyint(1) NULL DEFAULT NULL,
  `config_label` varchar(255) CHARACTER SET utf8mb4 COLLATE utf8mb4_unicode_ci NULL DEFAULT NULL,
  `field_length` int(11) NULL DEFAULT NULL,
  `field_current` varchar(10) CHARACTER SET utf8mb4 COLLATE utf8mb4_unicode_ci NULL DEFAULT NULL,
  `data_mapping_table` varchar(120) CHARACTER SET utf8mb4 COLLATE utf8mb4_unicode_ci NULL DEFAULT NULL,
  `create_by` varchar(64) CHARACTER SET utf8mb4 COLLATE utf8mb4_unicode_ci NULL DEFAULT NULL,
  `create_time` datetime(0) NULL DEFAULT CURRENT_TIMESTAMP(0),
  `form_extend_id` int(11) NULL DEFAULT NULL,
  `data_mapping_table_prefix` varchar(100) CHARACTER SET utf8mb4 COLLATE utf8mb4_unicode_ci NULL DEFAULT NULL,
  `data_mapping_table_suffix` varchar(100) CHARACTER SET utf8mb4 COLLATE utf8mb4_unicode_ci NULL DEFAULT NULL,
  PRIMARY KEY (`id`) USING BTREE
) ENGINE = InnoDB AUTO_INCREMENT = 25 CHARACTER SET = utf8mb4 COLLATE = utf8mb4_unicode_ci ROW_FORMAT = Dynamic;

-- ----------------------------
-- Records of intelligent_controls_textarea
-- ----------------------------
INSERT INTO `intelligent_controls_textarea` VALUES (24, '请输入多行文本', NULL, NULL, 'textarea', NULL, 102, 0, 'colFormItem', 'el-input', 'https://element.eleme.cn/#/zh-CN/component/input', 24, '1021617062742139', 4, 4, 0, '100%', 'field102', 1, 1, 1, 'textarea', 0, '多行文本', 5, 'field2', 'intelligent_business_demo', 'entfrm', '2021-03-30 08:05:59', 36, 'intelligent_business_', 'demo');

-- ----------------------------
-- Table structure for intelligent_controls_time
-- ----------------------------
DROP TABLE IF EXISTS `intelligent_controls_time`;
CREATE TABLE `intelligent_controls_time`  (
  `id` int(11) NOT NULL AUTO_INCREMENT,
  `config_default_value` varchar(255) CHARACTER SET utf8mb4 COLLATE utf8mb4_unicode_ci NULL DEFAULT NULL,
  `attrs_picker_options_selectable_range` varchar(255) CHARACTER SET utf8mb4 COLLATE utf8mb4_unicode_ci NULL DEFAULT NULL,
  `attrs_placeholder` varchar(255) CHARACTER SET utf8mb4 COLLATE utf8mb4_unicode_ci NULL DEFAULT NULL,
  `config_reg_list` text CHARACTER SET utf8mb4 COLLATE utf8mb4_unicode_ci NULL,
  `attrs_value_format` varchar(255) CHARACTER SET utf8mb4 COLLATE utf8mb4_unicode_ci NULL DEFAULT NULL,
  `config_label_width` int(11) NULL DEFAULT NULL,
  `config_form_id` int(11) NULL DEFAULT NULL,
  `config_layout` varchar(255) CHARACTER SET utf8mb4 COLLATE utf8mb4_unicode_ci NULL DEFAULT NULL,
  `config_tag` varchar(255) CHARACTER SET utf8mb4 COLLATE utf8mb4_unicode_ci NULL DEFAULT NULL,
  `config_document` varchar(255) CHARACTER SET utf8mb4 COLLATE utf8mb4_unicode_ci NULL DEFAULT NULL,
  `config_span` int(11) NULL DEFAULT NULL,
  `config_render_key` varchar(255) CHARACTER SET utf8mb4 COLLATE utf8mb4_unicode_ci NULL DEFAULT NULL,
  `attrs_disabled` tinyint(1) NULL DEFAULT NULL,
  `style_width` varchar(255) CHARACTER SET utf8mb4 COLLATE utf8mb4_unicode_ci NULL DEFAULT NULL,
  `config_v_model` varchar(255) CHARACTER SET utf8mb4 COLLATE utf8mb4_unicode_ci NULL DEFAULT NULL,
  `config_show_label` tinyint(1) NULL DEFAULT NULL,
  `config_required` tinyint(1) NULL DEFAULT NULL,
  `attrs_clearable` tinyint(1) NULL DEFAULT NULL,
  `config_change_tag` tinyint(1) NULL DEFAULT NULL,
  `config_tag_icon` varchar(255) CHARACTER SET utf8mb4 COLLATE utf8mb4_unicode_ci NULL DEFAULT NULL,
  `attrs_format` varchar(255) CHARACTER SET utf8mb4 COLLATE utf8mb4_unicode_ci NULL DEFAULT NULL,
  `config_label` varchar(255) CHARACTER SET utf8mb4 COLLATE utf8mb4_unicode_ci NULL DEFAULT NULL,
  `field_length` int(11) NULL DEFAULT NULL,
  `field_current` varchar(10) CHARACTER SET utf8mb4 COLLATE utf8mb4_unicode_ci NULL DEFAULT NULL,
  `data_mapping_table` varchar(120) CHARACTER SET utf8mb4 COLLATE utf8mb4_unicode_ci NULL DEFAULT NULL,
  `create_by` varchar(64) CHARACTER SET utf8mb4 COLLATE utf8mb4_unicode_ci NULL DEFAULT NULL,
  `create_time` datetime(0) NULL DEFAULT CURRENT_TIMESTAMP(0),
  `form_extend_id` int(11) NULL DEFAULT NULL,
  `data_mapping_table_prefix` varchar(100) CHARACTER SET utf8mb4 COLLATE utf8mb4_unicode_ci NULL DEFAULT NULL,
  `data_mapping_table_suffix` varchar(100) CHARACTER SET utf8mb4 COLLATE utf8mb4_unicode_ci NULL DEFAULT NULL,
  PRIMARY KEY (`id`) USING BTREE
) ENGINE = InnoDB AUTO_INCREMENT = 1 CHARACTER SET = utf8mb4 COLLATE = utf8mb4_unicode_ci ROW_FORMAT = Dynamic;

-- ----------------------------
-- Records of intelligent_controls_time
-- ----------------------------

-- ----------------------------
-- Table structure for intelligent_controls_time_range
-- ----------------------------
DROP TABLE IF EXISTS `intelligent_controls_time_range`;
CREATE TABLE `intelligent_controls_time_range`  (
  `id` int(11) NOT NULL AUTO_INCREMENT,
  `config_default_value` varchar(255) CHARACTER SET utf8mb4 COLLATE utf8mb4_unicode_ci NULL DEFAULT NULL,
  `config_reg_list` text CHARACTER SET utf8mb4 COLLATE utf8mb4_unicode_ci NULL,
  `attrs_value_format` varchar(255) CHARACTER SET utf8mb4 COLLATE utf8mb4_unicode_ci NULL DEFAULT NULL,
  `config_label_width` int(11) NULL DEFAULT NULL,
  `config_form_id` int(11) NULL DEFAULT NULL,
  `config_layout` varchar(255) CHARACTER SET utf8mb4 COLLATE utf8mb4_unicode_ci NULL DEFAULT NULL,
  `config_tag` varchar(255) CHARACTER SET utf8mb4 COLLATE utf8mb4_unicode_ci NULL DEFAULT NULL,
  `attrs_range_separator` varchar(255) CHARACTER SET utf8mb4 COLLATE utf8mb4_unicode_ci NULL DEFAULT NULL,
  `attrs_start_placeholder` varchar(255) CHARACTER SET utf8mb4 COLLATE utf8mb4_unicode_ci NULL DEFAULT NULL,
  `config_document` varchar(255) CHARACTER SET utf8mb4 COLLATE utf8mb4_unicode_ci NULL DEFAULT NULL,
  `config_span` int(11) NULL DEFAULT NULL,
  `config_render_key` varchar(255) CHARACTER SET utf8mb4 COLLATE utf8mb4_unicode_ci NULL DEFAULT NULL,
  `attrs_disabled` tinyint(1) NULL DEFAULT NULL,
  `style_width` varchar(255) CHARACTER SET utf8mb4 COLLATE utf8mb4_unicode_ci NULL DEFAULT NULL,
  `config_v_model` varchar(255) CHARACTER SET utf8mb4 COLLATE utf8mb4_unicode_ci NULL DEFAULT NULL,
  `attrs_end_placeholder` varchar(255) CHARACTER SET utf8mb4 COLLATE utf8mb4_unicode_ci NULL DEFAULT NULL,
  `config_show_label` tinyint(1) NULL DEFAULT NULL,
  `config_required` tinyint(1) NULL DEFAULT NULL,
  `attrs_clearable` tinyint(1) NULL DEFAULT NULL,
  `config_change_tag` tinyint(1) NULL DEFAULT NULL,
  `config_tag_icon` varchar(255) CHARACTER SET utf8mb4 COLLATE utf8mb4_unicode_ci NULL DEFAULT NULL,
  `attrs_format` varchar(255) CHARACTER SET utf8mb4 COLLATE utf8mb4_unicode_ci NULL DEFAULT NULL,
  `config_label` varchar(255) CHARACTER SET utf8mb4 COLLATE utf8mb4_unicode_ci NULL DEFAULT NULL,
  `attrs_is_range` tinyint(1) NULL DEFAULT NULL,
  `field_length` int(11) NULL DEFAULT NULL,
  `field_current` varchar(10) CHARACTER SET utf8mb4 COLLATE utf8mb4_unicode_ci NULL DEFAULT NULL,
  `data_mapping_table` varchar(120) CHARACTER SET utf8mb4 COLLATE utf8mb4_unicode_ci NULL DEFAULT NULL,
  `create_by` varchar(64) CHARACTER SET utf8mb4 COLLATE utf8mb4_unicode_ci NULL DEFAULT NULL,
  `create_time` datetime(0) NULL DEFAULT CURRENT_TIMESTAMP(0),
  `form_extend_id` int(11) NULL DEFAULT NULL,
  `data_mapping_table_prefix` varchar(100) CHARACTER SET utf8mb4 COLLATE utf8mb4_unicode_ci NULL DEFAULT NULL,
  `data_mapping_table_suffix` varchar(100) CHARACTER SET utf8mb4 COLLATE utf8mb4_unicode_ci NULL DEFAULT NULL,
  PRIMARY KEY (`id`) USING BTREE
) ENGINE = InnoDB AUTO_INCREMENT = 1 CHARACTER SET = utf8mb4 COLLATE = utf8mb4_unicode_ci ROW_FORMAT = Dynamic;

-- ----------------------------
-- Records of intelligent_controls_time_range
-- ----------------------------

-- ----------------------------
-- Table structure for intelligent_data_conf
-- ----------------------------
DROP TABLE IF EXISTS `intelligent_data_conf`;
CREATE TABLE `intelligent_data_conf`  (
  `id` int(11) NOT NULL AUTO_INCREMENT COMMENT '数据配置ID',
  `form_extend_id` int(11) NULL DEFAULT NULL COMMENT '表单扩展id',
  `data_mapping_table_prepend` varchar(255) CHARACTER SET utf8mb4 COLLATE utf8mb4_unicode_ci NULL DEFAULT NULL COMMENT '数据映射表前缀',
  `data_mapping_table` varchar(255) CHARACTER SET utf8mb4 COLLATE utf8mb4_unicode_ci NULL DEFAULT NULL COMMENT '数据映射表名-自定义填写-后缀',
  `field_length` int(11) NULL DEFAULT NULL COMMENT '字段数量',
  PRIMARY KEY (`id`) USING BTREE
) ENGINE = InnoDB AUTO_INCREMENT = 21 CHARACTER SET = utf8mb4 COLLATE = utf8mb4_unicode_ci ROW_FORMAT = Dynamic;

-- ----------------------------
-- Records of intelligent_data_conf
-- ----------------------------
INSERT INTO `intelligent_data_conf` VALUES (20, 36, 'intelligent_business_', 'demo', 5);

-- ----------------------------
-- Table structure for intelligent_demo_user
-- ----------------------------
DROP TABLE IF EXISTS `intelligent_demo_user`;
CREATE TABLE `intelligent_demo_user`  (
  `id` int(11) NOT NULL AUTO_INCREMENT,
  `nick_name` varchar(255) CHARACTER SET utf8mb4 COLLATE utf8mb4_unicode_ci NULL DEFAULT NULL,
  `phone` int(11) NULL DEFAULT NULL,
  `remarks` text CHARACTER SET utf8mb4 COLLATE utf8mb4_unicode_ci NULL,
  PRIMARY KEY (`id`) USING BTREE
) ENGINE = InnoDB AUTO_INCREMENT = 21 CHARACTER SET = utf8mb4 COLLATE = utf8mb4_unicode_ci ROW_FORMAT = Dynamic;

-- ----------------------------
-- Records of intelligent_demo_user
-- ----------------------------
INSERT INTO `intelligent_demo_user` VALUES (20, '测试用户', 123456789, '测试');

-- ----------------------------
-- Table structure for intelligent_form_extend
-- ----------------------------
DROP TABLE IF EXISTS `intelligent_form_extend`;
CREATE TABLE `intelligent_form_extend`  (
  `id` int(11) NOT NULL AUTO_INCREMENT COMMENT '表单扩展模板编码',
  `code` varchar(100) CHARACTER SET utf8mb4 COLLATE utf8mb4_unicode_ci NOT NULL COMMENT '表单扩展编码',
  `name` varchar(100) CHARACTER SET utf8mb4 COLLATE utf8mb4_unicode_ci NOT NULL COMMENT '表单扩展模板名称',
  `drawing_controls` text CHARACTER SET utf8mb4 COLLATE utf8mb4_unicode_ci NULL COMMENT '渲染控件数据集合',
  `id_global` int(11) NULL DEFAULT NULL COMMENT '记录目前控件全局ID-自增长',
  `tree_node_id` text CHARACTER SET utf8mb4 COLLATE utf8mb4_unicode_ci NULL COMMENT '级联下拉树形选项局部ID-内部标识-目前实现控件独立',
  `create_by` varchar(64) CHARACTER SET utf8mb4 COLLATE utf8mb4_unicode_ci NULL DEFAULT NULL COMMENT '表单扩展创建用户',
  `create_time` datetime(0) NULL DEFAULT NULL COMMENT '表单扩展插件时间',
  `update_by` varchar(64) CHARACTER SET utf8mb4 COLLATE utf8mb4_unicode_ci NULL DEFAULT NULL COMMENT '表单扩展修改用户\n',
  `update_time` datetime(0) NULL DEFAULT NULL COMMENT '表单扩展修改时间',
  `remarks` varchar(500) CHARACTER SET utf8mb4 COLLATE utf8mb4_unicode_ci NULL DEFAULT NULL COMMENT '表单扩展备注',
  PRIMARY KEY (`id`) USING BTREE
) ENGINE = InnoDB AUTO_INCREMENT = 39 CHARACTER SET = utf8mb4 COLLATE = utf8mb4_unicode_ci COMMENT = '表单扩展表' ROW_FORMAT = Dynamic;

-- ----------------------------
-- Records of intelligent_form_extend
-- ----------------------------
INSERT INTO `intelligent_form_extend` VALUES (36, 'form1', '表单案例模板', '[{\"slot\":{\"prepend\":\"\",\"append\":\"\"},\"attrs\":{\"clearable\":true,\"prefix-icon\":\"\",\"readonly\":false,\"disabled\":false,\"placeholder\":\"请输入单行文本\",\"show-word-limit\":false,\"suffix-icon\":\"\"},\"style\":{\"width\":\"100%\"},\"config\":{\"formId\":101,\"defaultValue\":\"1001\",\"document\":\"https://element.eleme.cn/#/zh-CN/component/input\",\"label\":\"单行文本\",\"showLabel\":true,\"required\":true,\"renderKey\":\"1011617062740739\",\"layout\":\"colFormItem\",\"tagIcon\":\"input\",\"changeTag\":true,\"tag\":\"el-input\",\"regList\":[],\"span\":24,\"vModel\":\"field101\"}},{\"attrs\":{\"type\":\"textarea\",\"readonly\":false,\"disabled\":false,\"placeholder\":\"请输入多行文本\",\"show-word-limit\":false,\"autosize\":{\"minRows\":4,\"maxRows\":4}},\"style\":{\"width\":\"100%\"},\"config\":{\"formId\":102,\"document\":\"https://element.eleme.cn/#/zh-CN/component/input\",\"label\":\"多行文本\",\"showLabel\":true,\"required\":true,\"renderKey\":\"1021617062742139\",\"layout\":\"colFormItem\",\"tagIcon\":\"textarea\",\"changeTag\":true,\"tag\":\"el-input\",\"regList\":[],\"span\":24,\"vModel\":\"field102\"}},{\"slot\":{\"prepend\":\"\",\"append\":\"\"},\"attrs\":{\"clearable\":true,\"prefix-icon\":\"\",\"show-password\":true,\"readonly\":false,\"disabled\":false,\"placeholder\":\"请输入密码\",\"show-word-limit\":false,\"suffix-icon\":\"\"},\"style\":{\"width\":\"100%\"},\"config\":{\"formId\":103,\"defaultValue\":\"86228228\",\"document\":\"https://element.eleme.cn/#/zh-CN/component/input\",\"label\":\"密码\",\"showLabel\":true,\"required\":true,\"renderKey\":\"1031617062743482\",\"layout\":\"colFormItem\",\"tagIcon\":\"password\",\"changeTag\":true,\"tag\":\"el-input\",\"regList\":[],\"span\":24,\"vModel\":\"field103\"}},{\"attrs\":{\"step-strictly\":false,\"controls-position\":\"\",\"step\":1,\"disabled\":false,\"placeholder\":\"计数器\"},\"config\":{\"formId\":104,\"document\":\"https://element.eleme.cn/#/zh-CN/component/input-number\",\"label\":\"计数器\",\"showLabel\":true,\"required\":true,\"renderKey\":\"1041617062744859\",\"layout\":\"colFormItem\",\"tagIcon\":\"number\",\"changeTag\":true,\"tag\":\"el-input-number\",\"regList\":[],\"span\":24,\"vModel\":\"field104\"}}]', 104, '', 'entfrm', '2021-03-30 08:04:19', 'entfrm', '2021-03-30 08:04:32', '表单扩展模板');
INSERT INTO `intelligent_form_extend` VALUES (37, 'form2', '表单模板备用', NULL, NULL, NULL, 'entfrm', '2021-03-30 08:05:08', NULL, NULL, '表单模板备用');
INSERT INTO `intelligent_form_extend` VALUES (38, 'form3', '表单模板测试', NULL, NULL, NULL, 'entfrm', '2021-03-30 08:05:29', NULL, NULL, '表单模板测试');

-- ----------------------------
-- Table structure for oauth_client_details
-- ----------------------------
DROP TABLE IF EXISTS `oauth_client_details`;
CREATE TABLE `oauth_client_details`  (
  `client_id` varchar(48) CHARACTER SET utf8 COLLATE utf8_general_ci NOT NULL,
  `resource_ids` varchar(256) CHARACTER SET utf8 COLLATE utf8_general_ci NULL DEFAULT NULL,
  `client_secret` varchar(256) CHARACTER SET utf8 COLLATE utf8_general_ci NULL DEFAULT NULL,
  `scope` varchar(256) CHARACTER SET utf8 COLLATE utf8_general_ci NULL DEFAULT NULL,
  `authorized_grant_types` varchar(256) CHARACTER SET utf8 COLLATE utf8_general_ci NULL DEFAULT NULL,
  `web_server_redirect_uri` varchar(256) CHARACTER SET utf8 COLLATE utf8_general_ci NULL DEFAULT NULL,
  `authorities` varchar(256) CHARACTER SET utf8 COLLATE utf8_general_ci NULL DEFAULT NULL,
  `access_token_validity` int(11) NULL DEFAULT NULL,
  `refresh_token_validity` int(11) NULL DEFAULT NULL,
  `additional_information` varchar(4096) CHARACTER SET utf8 COLLATE utf8_general_ci NULL DEFAULT NULL,
  `autoapprove` varchar(256) CHARACTER SET utf8 COLLATE utf8_general_ci NULL DEFAULT NULL,
  PRIMARY KEY (`client_id`) USING BTREE
) ENGINE = InnoDB CHARACTER SET = utf8 COLLATE = utf8_general_ci ROW_FORMAT = DYNAMIC;

-- ----------------------------
-- Records of oauth_client_details
-- ----------------------------
INSERT INTO `oauth_client_details` VALUES ('entfrm', '', '$2a$10$IYtF5Qg/TBtau1pT.q4LLu8OdtutvopkxCc4nnV4n.KaadVmeodKK', 'server', 'password,refresh_token', '', NULL, NULL, NULL, NULL, 'true');
INSERT INTO `oauth_client_details` VALUES ('test', NULL, '$2a$10$q0DT1hteQMt7LSdmR5GANekY.YYCpxHQh21OCyGDAamxHjiCJaa86', 'test', 'password,refresh_token', NULL, NULL, NULL, NULL, NULL, 'true');

-- ----------------------------
-- Table structure for qrtz_blob_triggers
-- ----------------------------
DROP TABLE IF EXISTS `qrtz_blob_triggers`;
CREATE TABLE `qrtz_blob_triggers`  (
  `sched_name` varchar(120) CHARACTER SET utf8 COLLATE utf8_general_ci NOT NULL,
  `trigger_name` varchar(200) CHARACTER SET utf8 COLLATE utf8_general_ci NOT NULL,
  `trigger_group` varchar(200) CHARACTER SET utf8 COLLATE utf8_general_ci NOT NULL,
  `blob_data` blob NULL,
  PRIMARY KEY (`sched_name`, `trigger_name`, `trigger_group`) USING BTREE,
  CONSTRAINT `qrtz_blob_triggers_ibfk_1` FOREIGN KEY (`sched_name`, `trigger_name`, `trigger_group`) REFERENCES `qrtz_triggers` (`sched_name`, `trigger_name`, `trigger_group`) ON DELETE RESTRICT ON UPDATE RESTRICT
) ENGINE = InnoDB CHARACTER SET = utf8 COLLATE = utf8_general_ci ROW_FORMAT = DYNAMIC;

-- ----------------------------
-- Records of qrtz_blob_triggers
-- ----------------------------

-- ----------------------------
-- Table structure for qrtz_calendars
-- ----------------------------
DROP TABLE IF EXISTS `qrtz_calendars`;
CREATE TABLE `qrtz_calendars`  (
  `sched_name` varchar(120) CHARACTER SET utf8 COLLATE utf8_general_ci NOT NULL,
  `calendar_name` varchar(200) CHARACTER SET utf8 COLLATE utf8_general_ci NOT NULL,
  `calendar` blob NOT NULL,
  PRIMARY KEY (`sched_name`, `calendar_name`) USING BTREE
) ENGINE = InnoDB CHARACTER SET = utf8 COLLATE = utf8_general_ci ROW_FORMAT = DYNAMIC;

-- ----------------------------
-- Records of qrtz_calendars
-- ----------------------------

-- ----------------------------
-- Table structure for qrtz_cron_triggers
-- ----------------------------
DROP TABLE IF EXISTS `qrtz_cron_triggers`;
CREATE TABLE `qrtz_cron_triggers`  (
  `sched_name` varchar(120) CHARACTER SET utf8 COLLATE utf8_general_ci NOT NULL,
  `trigger_name` varchar(200) CHARACTER SET utf8 COLLATE utf8_general_ci NOT NULL,
  `trigger_group` varchar(200) CHARACTER SET utf8 COLLATE utf8_general_ci NOT NULL,
  `cron_expression` varchar(200) CHARACTER SET utf8 COLLATE utf8_general_ci NOT NULL,
  `time_zone_id` varchar(80) CHARACTER SET utf8 COLLATE utf8_general_ci NULL DEFAULT NULL,
  PRIMARY KEY (`sched_name`, `trigger_name`, `trigger_group`) USING BTREE,
  CONSTRAINT `qrtz_cron_triggers_ibfk_1` FOREIGN KEY (`sched_name`, `trigger_name`, `trigger_group`) REFERENCES `qrtz_triggers` (`sched_name`, `trigger_name`, `trigger_group`) ON DELETE RESTRICT ON UPDATE RESTRICT
) ENGINE = InnoDB CHARACTER SET = utf8 COLLATE = utf8_general_ci ROW_FORMAT = DYNAMIC;

-- ----------------------------
-- Records of qrtz_cron_triggers
-- ----------------------------
INSERT INTO `qrtz_cron_triggers` VALUES ('clusteredScheduler', '测试任务', 'demo', '0 * * * * ? *', 'Asia/Shanghai');

-- ----------------------------
-- Table structure for qrtz_fired_triggers
-- ----------------------------
DROP TABLE IF EXISTS `qrtz_fired_triggers`;
CREATE TABLE `qrtz_fired_triggers`  (
  `sched_name` varchar(120) CHARACTER SET utf8 COLLATE utf8_general_ci NOT NULL,
  `entry_id` varchar(95) CHARACTER SET utf8 COLLATE utf8_general_ci NOT NULL,
  `trigger_name` varchar(200) CHARACTER SET utf8 COLLATE utf8_general_ci NOT NULL,
  `trigger_group` varchar(200) CHARACTER SET utf8 COLLATE utf8_general_ci NOT NULL,
  `instance_name` varchar(200) CHARACTER SET utf8 COLLATE utf8_general_ci NOT NULL,
  `fired_time` bigint(13) NOT NULL,
  `sched_time` bigint(13) NOT NULL,
  `priority` int(11) NOT NULL,
  `state` varchar(16) CHARACTER SET utf8 COLLATE utf8_general_ci NOT NULL,
  `job_name` varchar(200) CHARACTER SET utf8 COLLATE utf8_general_ci NULL DEFAULT NULL,
  `job_group` varchar(200) CHARACTER SET utf8 COLLATE utf8_general_ci NULL DEFAULT NULL,
  `is_nonconcurrent` varchar(1) CHARACTER SET utf8 COLLATE utf8_general_ci NULL DEFAULT NULL,
  `requests_recovery` varchar(1) CHARACTER SET utf8 COLLATE utf8_general_ci NULL DEFAULT NULL,
  PRIMARY KEY (`sched_name`, `entry_id`) USING BTREE
) ENGINE = InnoDB CHARACTER SET = utf8 COLLATE = utf8_general_ci ROW_FORMAT = DYNAMIC;

-- ----------------------------
-- Records of qrtz_fired_triggers
-- ----------------------------

-- ----------------------------
-- Table structure for qrtz_job_details
-- ----------------------------
DROP TABLE IF EXISTS `qrtz_job_details`;
CREATE TABLE `qrtz_job_details`  (
  `sched_name` varchar(120) CHARACTER SET utf8 COLLATE utf8_general_ci NOT NULL,
  `job_name` varchar(200) CHARACTER SET utf8 COLLATE utf8_general_ci NOT NULL,
  `job_group` varchar(200) CHARACTER SET utf8 COLLATE utf8_general_ci NOT NULL,
  `description` varchar(250) CHARACTER SET utf8 COLLATE utf8_general_ci NULL DEFAULT NULL,
  `job_class_name` varchar(250) CHARACTER SET utf8 COLLATE utf8_general_ci NOT NULL,
  `is_durable` varchar(1) CHARACTER SET utf8 COLLATE utf8_general_ci NOT NULL,
  `is_nonconcurrent` varchar(1) CHARACTER SET utf8 COLLATE utf8_general_ci NOT NULL,
  `is_update_data` varchar(1) CHARACTER SET utf8 COLLATE utf8_general_ci NOT NULL,
  `requests_recovery` varchar(1) CHARACTER SET utf8 COLLATE utf8_general_ci NOT NULL,
  `job_data` blob NULL,
  PRIMARY KEY (`sched_name`, `job_name`, `job_group`) USING BTREE
) ENGINE = InnoDB CHARACTER SET = utf8 COLLATE = utf8_general_ci ROW_FORMAT = DYNAMIC;

-- ----------------------------
-- Records of qrtz_job_details
-- ----------------------------
INSERT INTO `qrtz_job_details` VALUES ('clusteredScheduler', '测试任务', 'demo', NULL, 'com.cetccq.platform.biz.quartz.config.TmQuartzFactory', '0', '1', '0', '0', 0xACED0005737200156F72672E71756172747A2E4A6F62446174614D61709FB083E8BFA9B0CB020000787200266F72672E71756172747A2E7574696C732E537472696E674B65794469727479466C61674D61708208E8C3FBC55D280200015A0013616C6C6F77735472616E7369656E74446174617872001D6F72672E71756172747A2E7574696C732E4469727479466C61674D617013E62EAD28760ACE0200025A000564697274794C00036D617074000F4C6A6176612F7574696C2F4D61703B787001737200116A6176612E7574696C2E486173684D61700507DAC1C31660D103000246000A6C6F6164466163746F724900097468726573686F6C6478703F4000000000000C7708000000100000000174000B7363686564756C654A6F627372002E636F6D2E70696734636C6F75642E706967782E6461656D6F6E2E71756172747A2E656E746974792E5379734A6F6200000000000000010200174C0009636C6173734E616D657400124C6A6176612F6C616E672F537472696E673B4C0008637265617465427971007E00094C000A63726561746554696D657400194C6A6176612F74696D652F4C6F63616C4461746554696D653B4C000E63726F6E45787072657373696F6E71007E00094C000B657865637574655061746871007E00094C00106A6F624578656375746553746174757371007E00094C00086A6F6247726F757071007E00094C00056A6F6249647400134C6A6176612F6C616E672F496E74656765723B4C00076A6F624E616D6571007E00094C00086A6F624F7264657271007E00094C00096A6F6253746174757371007E00094C000D6A6F6254656E616E745479706571007E00094C00076A6F625479706571007E00094C000A6D6574686F644E616D6571007E00094C00116D6574686F64506172616D7356616C756571007E00094C000D6D697366697265506F6C69637971007E00094C00086E65787454696D6571007E000A4C000C70726576696F757354696D6571007E000A4C000672656D61726B71007E00094C0009737461727454696D6571007E000A4C000874656E616E74496471007E000B4C0008757064617465427971007E00094C000A75706461746554696D6571007E000A78720035636F6D2E62616F6D69646F752E6D796261746973706C75732E657874656E73696F6E2E6163746976657265636F72642E4D6F64656C0000000000000001020000787074000464656D6F74000561646D696E7372000D6A6176612E74696D652E536572955D84BA1B2248B20C00007870770A05000007E303190E00F17874000D30202A202A202A202A203F202A7400007400013074000464656D6F737200116A6176612E6C616E672E496E746567657212E2A0A4F781873802000149000576616C7565787200106A6176612E6C616E672E4E756D62657286AC951D0B94E08B02000078700000000174000CE6B58BE8AF95E4BBBBE58AA17400013574000133740001317400013274000A64656D6F4D6574686F6474000970696734636C6F7564740001337371007E0010770905000007E3031916E2787371007E0010770A05000007E30319161CCD78740020E6BC94E7A4BA537072696E67204265616EE79A84E5AE9AE697B6E4BBBBE58AA17371007E0010770A05000007E303191600DE7871007E001874000561646D696E7371007E0010770A05000007E303190E00F1787800);

-- ----------------------------
-- Table structure for qrtz_locks
-- ----------------------------
DROP TABLE IF EXISTS `qrtz_locks`;
CREATE TABLE `qrtz_locks`  (
  `sched_name` varchar(120) CHARACTER SET utf8 COLLATE utf8_general_ci NOT NULL,
  `lock_name` varchar(40) CHARACTER SET utf8 COLLATE utf8_general_ci NOT NULL,
  PRIMARY KEY (`sched_name`, `lock_name`) USING BTREE
) ENGINE = InnoDB CHARACTER SET = utf8 COLLATE = utf8_general_ci ROW_FORMAT = DYNAMIC;

-- ----------------------------
-- Records of qrtz_locks
-- ----------------------------
INSERT INTO `qrtz_locks` VALUES ('clusteredScheduler', 'STATE_ACCESS');
INSERT INTO `qrtz_locks` VALUES ('clusteredScheduler', 'TRIGGER_ACCESS');

-- ----------------------------
-- Table structure for qrtz_paused_trigger_grps
-- ----------------------------
DROP TABLE IF EXISTS `qrtz_paused_trigger_grps`;
CREATE TABLE `qrtz_paused_trigger_grps`  (
  `sched_name` varchar(120) CHARACTER SET utf8 COLLATE utf8_general_ci NOT NULL,
  `trigger_group` varchar(200) CHARACTER SET utf8 COLLATE utf8_general_ci NOT NULL,
  PRIMARY KEY (`sched_name`, `trigger_group`) USING BTREE
) ENGINE = InnoDB CHARACTER SET = utf8 COLLATE = utf8_general_ci ROW_FORMAT = DYNAMIC;

-- ----------------------------
-- Records of qrtz_paused_trigger_grps
-- ----------------------------

-- ----------------------------
-- Table structure for qrtz_scheduler_state
-- ----------------------------
DROP TABLE IF EXISTS `qrtz_scheduler_state`;
CREATE TABLE `qrtz_scheduler_state`  (
  `sched_name` varchar(120) CHARACTER SET utf8 COLLATE utf8_general_ci NOT NULL,
  `instance_name` varchar(200) CHARACTER SET utf8 COLLATE utf8_general_ci NOT NULL,
  `last_checkin_time` bigint(13) NOT NULL,
  `checkin_interval` bigint(13) NOT NULL,
  PRIMARY KEY (`sched_name`, `instance_name`) USING BTREE
) ENGINE = InnoDB CHARACTER SET = utf8 COLLATE = utf8_general_ci ROW_FORMAT = DYNAMIC;

-- ----------------------------
-- Records of qrtz_scheduler_state
-- ----------------------------
INSERT INTO `qrtz_scheduler_state` VALUES ('clusteredScheduler', 'lengleng1553564320591', 1553568907589, 10000);

-- ----------------------------
-- Table structure for qrtz_simple_triggers
-- ----------------------------
DROP TABLE IF EXISTS `qrtz_simple_triggers`;
CREATE TABLE `qrtz_simple_triggers`  (
  `sched_name` varchar(120) CHARACTER SET utf8 COLLATE utf8_general_ci NOT NULL,
  `trigger_name` varchar(200) CHARACTER SET utf8 COLLATE utf8_general_ci NOT NULL,
  `trigger_group` varchar(200) CHARACTER SET utf8 COLLATE utf8_general_ci NOT NULL,
  `repeat_count` bigint(7) NOT NULL,
  `repeat_interval` bigint(12) NOT NULL,
  `times_triggered` bigint(10) NOT NULL,
  PRIMARY KEY (`sched_name`, `trigger_name`, `trigger_group`) USING BTREE,
  CONSTRAINT `QRTZ_SIMPLE_TRIGGERS_IBFK_1` FOREIGN KEY (`sched_name`, `trigger_name`, `trigger_group`) REFERENCES `qrtz_triggers` (`sched_name`, `trigger_name`, `trigger_group`) ON DELETE RESTRICT ON UPDATE RESTRICT
) ENGINE = InnoDB CHARACTER SET = utf8 COLLATE = utf8_general_ci ROW_FORMAT = DYNAMIC;

-- ----------------------------
-- Records of qrtz_simple_triggers
-- ----------------------------

-- ----------------------------
-- Table structure for qrtz_simprop_triggers
-- ----------------------------
DROP TABLE IF EXISTS `qrtz_simprop_triggers`;
CREATE TABLE `qrtz_simprop_triggers`  (
  `sched_name` varchar(120) CHARACTER SET utf8 COLLATE utf8_general_ci NOT NULL,
  `trigger_name` varchar(200) CHARACTER SET utf8 COLLATE utf8_general_ci NOT NULL,
  `trigger_group` varchar(200) CHARACTER SET utf8 COLLATE utf8_general_ci NOT NULL,
  `str_prop_1` varchar(512) CHARACTER SET utf8 COLLATE utf8_general_ci NULL DEFAULT NULL,
  `str_prop_2` varchar(512) CHARACTER SET utf8 COLLATE utf8_general_ci NULL DEFAULT NULL,
  `str_prop_3` varchar(512) CHARACTER SET utf8 COLLATE utf8_general_ci NULL DEFAULT NULL,
  `int_prop_1` int(11) NULL DEFAULT NULL,
  `int_prop_2` int(11) NULL DEFAULT NULL,
  `long_prop_1` bigint(20) NULL DEFAULT NULL,
  `long_prop_2` bigint(20) NULL DEFAULT NULL,
  `dec_prop_1` decimal(13, 4) NULL DEFAULT NULL,
  `dec_prop_2` decimal(13, 4) NULL DEFAULT NULL,
  `bool_prop_1` varchar(1) CHARACTER SET utf8 COLLATE utf8_general_ci NULL DEFAULT NULL,
  `bool_prop_2` varchar(1) CHARACTER SET utf8 COLLATE utf8_general_ci NULL DEFAULT NULL,
  PRIMARY KEY (`sched_name`, `trigger_name`, `trigger_group`) USING BTREE,
  CONSTRAINT `QRTZ_SIMPROP_TRIGGERS_IBFK_1` FOREIGN KEY (`sched_name`, `trigger_name`, `trigger_group`) REFERENCES `qrtz_triggers` (`sched_name`, `trigger_name`, `trigger_group`) ON DELETE RESTRICT ON UPDATE RESTRICT
) ENGINE = InnoDB CHARACTER SET = utf8 COLLATE = utf8_general_ci ROW_FORMAT = DYNAMIC;

-- ----------------------------
-- Records of qrtz_simprop_triggers
-- ----------------------------

-- ----------------------------
-- Table structure for qrtz_triggers
-- ----------------------------
DROP TABLE IF EXISTS `qrtz_triggers`;
CREATE TABLE `qrtz_triggers`  (
  `sched_name` varchar(120) CHARACTER SET utf8 COLLATE utf8_general_ci NOT NULL,
  `trigger_name` varchar(200) CHARACTER SET utf8 COLLATE utf8_general_ci NOT NULL,
  `trigger_group` varchar(200) CHARACTER SET utf8 COLLATE utf8_general_ci NOT NULL,
  `job_name` varchar(200) CHARACTER SET utf8 COLLATE utf8_general_ci NOT NULL,
  `job_group` varchar(200) CHARACTER SET utf8 COLLATE utf8_general_ci NOT NULL,
  `description` varchar(250) CHARACTER SET utf8 COLLATE utf8_general_ci NULL DEFAULT NULL,
  `next_fire_time` bigint(13) NULL DEFAULT NULL,
  `prev_fire_time` bigint(13) NULL DEFAULT NULL,
  `priority` int(11) NULL DEFAULT NULL,
  `trigger_state` varchar(16) CHARACTER SET utf8 COLLATE utf8_general_ci NOT NULL,
  `trigger_type` varchar(8) CHARACTER SET utf8 COLLATE utf8_general_ci NOT NULL,
  `start_time` bigint(13) NOT NULL,
  `end_time` bigint(13) NULL DEFAULT NULL,
  `calendar_name` varchar(200) CHARACTER SET utf8 COLLATE utf8_general_ci NULL DEFAULT NULL,
  `misfire_instr` smallint(2) NULL DEFAULT NULL,
  `job_data` blob NULL,
  PRIMARY KEY (`sched_name`, `trigger_name`, `trigger_group`) USING BTREE,
  INDEX `sched_name`(`sched_name`, `job_name`, `job_group`) USING BTREE,
  CONSTRAINT `qrtz_triggers_ibfk_1` FOREIGN KEY (`sched_name`, `job_name`, `job_group`) REFERENCES `qrtz_job_details` (`sched_name`, `job_name`, `job_group`) ON DELETE RESTRICT ON UPDATE RESTRICT
) ENGINE = InnoDB CHARACTER SET = utf8 COLLATE = utf8_general_ci ROW_FORMAT = DYNAMIC;

-- ----------------------------
-- Records of qrtz_triggers
-- ----------------------------
INSERT INTO `qrtz_triggers` VALUES ('clusteredScheduler', '测试任务', 'demo', '测试任务', 'demo', NULL, 1553568960000, 1553568900000, 5, 'WAITING', 'CRON', 1553564598000, 0, NULL, 2, '');

-- ----------------------------
-- Table structure for sys_application
-- ----------------------------
DROP TABLE IF EXISTS `sys_application`;
CREATE TABLE `sys_application`  (
  `id` int(11) NOT NULL AUTO_INCREMENT COMMENT '编号',
  `name` varchar(30) CHARACTER SET utf8 COLLATE utf8_general_ci NULL DEFAULT NULL COMMENT '应用名称',
  `type` char(1) CHARACTER SET utf8 COLLATE utf8_general_ci NULL DEFAULT '0' COMMENT '应用类型',
  `is_sys` char(1) CHARACTER SET utf8 COLLATE utf8_general_ci NULL DEFAULT '1' COMMENT '系统',
  `industry` varchar(2) CHARACTER SET utf8 COLLATE utf8_general_ci NULL DEFAULT NULL COMMENT '行业',
  `cover` varchar(255) CHARACTER SET utf8 COLLATE utf8_general_ci NULL DEFAULT NULL COMMENT '封面',
  `version` varchar(20) CHARACTER SET utf8 COLLATE utf8_general_ci NULL DEFAULT NULL COMMENT '版本',
  `description` varchar(255) CHARACTER SET utf8 COLLATE utf8_general_ci NULL DEFAULT NULL COMMENT '描述',
  `sort` int(11) NULL DEFAULT 1 COMMENT '排序',
  `dept_id` int(11) NULL DEFAULT NULL COMMENT '机构编号',
  `status` char(1) CHARACTER SET utf8 COLLATE utf8_general_ci NULL DEFAULT '0' COMMENT '状态',
  `create_by` varchar(60) CHARACTER SET utf8 COLLATE utf8_general_ci NULL DEFAULT NULL COMMENT '创建人',
  `create_time` datetime(0) NULL DEFAULT NULL COMMENT '创建时间',
  `update_by` varchar(60) CHARACTER SET utf8 COLLATE utf8_general_ci NULL DEFAULT NULL COMMENT '更新人',
  `update_time` datetime(0) NULL DEFAULT NULL COMMENT '更新时间',
  `remarks` varchar(255) CHARACTER SET utf8 COLLATE utf8_general_ci NULL DEFAULT NULL COMMENT '备注',
  `del_flag` char(1) CHARACTER SET utf8 COLLATE utf8_general_ci NULL DEFAULT '0' COMMENT '删除标识（0-正常，1-删除）',
  PRIMARY KEY (`id`) USING BTREE
) ENGINE = InnoDB AUTO_INCREMENT = 3 CHARACTER SET = utf8 COLLATE = utf8_general_ci COMMENT = '应用管理' ROW_FORMAT = DYNAMIC;

-- ----------------------------
-- Records of sys_application
-- ----------------------------
INSERT INTO `sys_application` VALUES (1, '通用管理', '1', '0', '通用', NULL, '1.0.1', '通用管理', 1, 1, '1', 'entfrm', '2020-04-23 19:20:29', 'entfrm', '2020-04-23 20:06:36', NULL, '0');
INSERT INTO `sys_application` VALUES (2, '开发工具', '1', '1', '其他', NULL, '1.0.0', '开发工具', 1, 1, '1', 'entfrm', '2020-05-15 22:55:31', 'entfrm', '2020-05-15 23:09:16', NULL, '0');

-- ----------------------------
-- Table structure for sys_area
-- ----------------------------
DROP TABLE IF EXISTS `sys_area`;
CREATE TABLE `sys_area`  (
  `id` int(11) NOT NULL AUTO_INCREMENT,
  `parent_id` int(11) NULL DEFAULT NULL,
  `ancestors` varchar(255) CHARACTER SET utf8 COLLATE utf8_general_ci NULL DEFAULT NULL COMMENT '所有父级编号',
  `name` varchar(30) CHARACTER SET utf8 COLLATE utf8_general_ci NULL DEFAULT NULL COMMENT '区域名称',
  `code` varchar(100) CHARACTER SET utf8 COLLATE utf8_general_ci NULL DEFAULT NULL COMMENT '区域编码',
  `sort` int(4) NULL DEFAULT 0 COMMENT '显示顺序',
  `type` char(1) CHARACTER SET utf8 COLLATE utf8_general_ci NULL DEFAULT NULL COMMENT '区域类型',
  `create_by` varchar(30) CHARACTER SET utf8 COLLATE utf8_general_ci NULL DEFAULT NULL COMMENT '创建者',
  `create_time` datetime(0) NULL DEFAULT NULL COMMENT '创建时间',
  `update_by` varchar(30) CHARACTER SET utf8 COLLATE utf8_general_ci NULL DEFAULT NULL COMMENT '更新者',
  `update_time` datetime(0) NULL DEFAULT NULL COMMENT '更新时间',
  `remarks` varchar(255) CHARACTER SET utf8 COLLATE utf8_general_ci NULL DEFAULT NULL COMMENT '备注信息',
  `del_flag` char(1) CHARACTER SET utf8 COLLATE utf8_general_ci NULL DEFAULT '0' COMMENT '删除标记',
  PRIMARY KEY (`id`) USING BTREE
) ENGINE = InnoDB AUTO_INCREMENT = 1 CHARACTER SET = utf8 COLLATE = utf8_general_ci ROW_FORMAT = DYNAMIC;

-- ----------------------------
-- Records of sys_area
-- ----------------------------

-- ----------------------------
-- Table structure for sys_backup
-- ----------------------------
DROP TABLE IF EXISTS `sys_backup`;
CREATE TABLE `sys_backup`  (
  `id` int(11) NOT NULL AUTO_INCREMENT COMMENT '编号',
  `name` varchar(120) CHARACTER SET utf8 COLLATE utf8_general_ci NULL DEFAULT NULL COMMENT '名称',
  `path` varchar(255) CHARACTER SET utf8 COLLATE utf8_general_ci NULL DEFAULT NULL COMMENT '路径',
  `create_by` varchar(30) CHARACTER SET utf8 COLLATE utf8_general_ci NULL DEFAULT NULL COMMENT '创建人',
  `create_time` datetime(0) NULL DEFAULT CURRENT_TIMESTAMP(0) COMMENT '创建时间',
  `update_by` varchar(30) CHARACTER SET utf8 COLLATE utf8_general_ci NULL DEFAULT NULL COMMENT '修改人',
  `update_time` datetime(0) NULL DEFAULT NULL ON UPDATE CURRENT_TIMESTAMP(0) COMMENT '修改时间',
  `remarks` varchar(255) CHARACTER SET utf8 COLLATE utf8_general_ci NULL DEFAULT '' COMMENT '备注',
  `del_flag` char(1) CHARACTER SET utf8mb4 COLLATE utf8mb4_bin NULL DEFAULT '0' COMMENT '0-正常，1-删除',
  PRIMARY KEY (`id`) USING BTREE
) ENGINE = InnoDB AUTO_INCREMENT = 1 CHARACTER SET = utf8 COLLATE = utf8_general_ci ROW_FORMAT = DYNAMIC;

-- ----------------------------
-- Records of sys_backup
-- ----------------------------

-- ----------------------------
-- Table structure for sys_config
-- ----------------------------
DROP TABLE IF EXISTS `sys_config`;
CREATE TABLE `sys_config`  (
  `id` int(11) NOT NULL AUTO_INCREMENT COMMENT '编号',
  `name` varchar(100) CHARACTER SET utf8mb4 COLLATE utf8mb4_general_ci NULL DEFAULT '' COMMENT '参数名称',
  `key` varchar(100) CHARACTER SET utf8mb4 COLLATE utf8mb4_general_ci NULL DEFAULT '' COMMENT '参数键名',
  `value` varchar(500) CHARACTER SET utf8mb4 COLLATE utf8mb4_general_ci NULL DEFAULT '' COMMENT '参数键值',
  `is_sys` char(1) CHARACTER SET utf8mb4 COLLATE utf8mb4_general_ci NULL DEFAULT '0' COMMENT '系统内置 0-是|1-否',
  `create_by` varchar(64) CHARACTER SET utf8mb4 COLLATE utf8mb4_general_ci NULL DEFAULT '' COMMENT '创建者',
  `create_time` datetime(0) NULL DEFAULT NULL COMMENT '创建时间',
  `update_by` varchar(64) CHARACTER SET utf8mb4 COLLATE utf8mb4_general_ci NULL DEFAULT '' COMMENT '更新者',
  `update_time` datetime(0) NULL DEFAULT NULL COMMENT '更新时间',
  `remarks` varchar(500) CHARACTER SET utf8mb4 COLLATE utf8mb4_general_ci NULL DEFAULT NULL COMMENT '备注',
  `del_flag` char(1) CHARACTER SET utf8 COLLATE utf8_general_ci NULL DEFAULT '0' COMMENT '删除标记',
  PRIMARY KEY (`id`) USING BTREE
) ENGINE = InnoDB AUTO_INCREMENT = 2 CHARACTER SET = utf8 COLLATE = utf8_general_ci ROW_FORMAT = DYNAMIC;

-- ----------------------------
-- Records of sys_config
-- ----------------------------
INSERT INTO `sys_config` VALUES (1, '初始密码', 'user.initPassword', '123456', '0', 'entfrm', '2020-03-15 21:51:13', '', NULL, NULL, '0');

-- ----------------------------
-- Table structure for sys_datasource
-- ----------------------------
DROP TABLE IF EXISTS `sys_datasource`;
CREATE TABLE `sys_datasource`  (
  `id` int(11) NOT NULL AUTO_INCREMENT COMMENT '主键',
  `name` varchar(255) CHARACTER SET utf8mb4 COLLATE utf8mb4_general_ci NULL DEFAULT NULL COMMENT '名称',
  `driver_class_name` varchar(255) CHARACTER SET utf8mb4 COLLATE utf8mb4_general_ci NULL DEFAULT NULL COMMENT '数据驱动',
  `url` varchar(255) CHARACTER SET utf8mb4 COLLATE utf8mb4_general_ci NULL DEFAULT NULL COMMENT 'url地址',
  `username` varchar(255) CHARACTER SET utf8mb4 COLLATE utf8mb4_general_ci NULL DEFAULT NULL COMMENT '用户',
  `password` varchar(255) CHARACTER SET utf8mb4 COLLATE utf8mb4_general_ci NULL DEFAULT NULL COMMENT '密码',
  `alias` varchar(120) CHARACTER SET utf8mb4 COLLATE utf8mb4_general_ci NULL DEFAULT NULL COMMENT '别名',
  `create_by` varchar(30) CHARACTER SET utf8 COLLATE utf8_general_ci NULL DEFAULT NULL COMMENT '创建人',
  `create_time` datetime(0) NULL DEFAULT CURRENT_TIMESTAMP(0) COMMENT '创建时间',
  `update_by` varchar(30) CHARACTER SET utf8 COLLATE utf8_general_ci NULL DEFAULT NULL COMMENT '修改人',
  `update_time` datetime(0) NULL DEFAULT CURRENT_TIMESTAMP(0) ON UPDATE CURRENT_TIMESTAMP(0) COMMENT '更新时间',
  `remarks` varchar(255) CHARACTER SET utf8 COLLATE utf8_general_ci NULL DEFAULT '' COMMENT '备注',
  `del_flag` char(50) CHARACTER SET utf8mb4 COLLATE utf8mb4_general_ci NULL DEFAULT '0' COMMENT '删除标记',
  PRIMARY KEY (`id`) USING BTREE
) ENGINE = InnoDB AUTO_INCREMENT = 1 CHARACTER SET = utf8mb4 COLLATE = utf8mb4_general_ci ROW_FORMAT = DYNAMIC;

-- ----------------------------
-- Records of sys_datasource
-- ----------------------------

-- ----------------------------
-- Table structure for sys_dept
-- ----------------------------
DROP TABLE IF EXISTS `sys_dept`;
CREATE TABLE `sys_dept`  (
  `dept_id` int(11) NOT NULL AUTO_INCREMENT,
  `code` varchar(30) CHARACTER SET utf8 COLLATE utf8_general_ci NULL DEFAULT NULL COMMENT '机构编码',
  `name` varchar(60) CHARACTER SET utf8 COLLATE utf8_general_ci NULL DEFAULT NULL COMMENT '机构名称',
  `parent_id` int(11) NULL DEFAULT 0 COMMENT '父级编号',
  `ancestors` varchar(120) CHARACTER SET utf8 COLLATE utf8_general_ci NULL DEFAULT '0' COMMENT '祖级列表',
  `sort` int(11) NULL DEFAULT 1 COMMENT '排序',
  `contacts` varchar(30) CHARACTER SET utf8 COLLATE utf8_general_ci NULL DEFAULT NULL COMMENT '联系人',
  `phone` varchar(20) CHARACTER SET utf8 COLLATE utf8_general_ci NULL DEFAULT NULL COMMENT '电话',
  `address` varchar(255) CHARACTER SET utf8 COLLATE utf8_general_ci NULL DEFAULT NULL COMMENT '联系地址',
  `email` varchar(60) CHARACTER SET utf8 COLLATE utf8_general_ci NULL DEFAULT NULL COMMENT '邮箱',
  `status` char(1) CHARACTER SET utf8 COLLATE utf8_general_ci NULL DEFAULT '0' COMMENT '帐号状态（0正常 1停用）',
  `create_by` varchar(30) CHARACTER SET utf8 COLLATE utf8_general_ci NULL DEFAULT NULL COMMENT '创建人',
  `create_time` datetime(0) NULL DEFAULT NULL COMMENT '创建时间',
  `update_by` varchar(30) CHARACTER SET utf8 COLLATE utf8_general_ci NULL DEFAULT NULL COMMENT '修改人',
  `update_time` datetime(0) NULL DEFAULT NULL ON UPDATE CURRENT_TIMESTAMP(0) COMMENT '修改时间',
  `remarks` varchar(255) CHARACTER SET utf8 COLLATE utf8_general_ci NULL DEFAULT NULL COMMENT '备注信息',
  `del_flag` char(1) CHARACTER SET utf8 COLLATE utf8_general_ci NOT NULL DEFAULT '0' COMMENT '删除标记',
  PRIMARY KEY (`dept_id`) USING BTREE
) ENGINE = InnoDB AUTO_INCREMENT = 4 CHARACTER SET = utf8mb4 COLLATE = utf8mb4_general_ci ROW_FORMAT = DYNAMIC;

-- ----------------------------
-- Records of sys_dept
-- ----------------------------
INSERT INTO `sys_dept` VALUES (1, '100001', '重庆总公司', 0, '0', 1, 'entfrm', '15688888888', NULL, NULL, '0', 'entfrm', '2020-02-13 20:55:57', NULL, '2020-03-19 20:49:29', NULL, '0');
INSERT INTO `sys_dept` VALUES (2, '10000101', '北京分公司', 1, '0,1', 1, NULL, NULL, NULL, NULL, '0', NULL, NULL, NULL, '2020-03-15 20:22:11', NULL, '0');
INSERT INTO `sys_dept` VALUES (3, '10000102', '昆明分公司', 1, '0,1', 2, '123', '', NULL, NULL, '0', NULL, NULL, 'entfrm', '2020-03-15 20:37:02', NULL, '0');

-- ----------------------------
-- Table structure for sys_dict
-- ----------------------------
DROP TABLE IF EXISTS `sys_dict`;
CREATE TABLE `sys_dict`  (
  `id` int(11) NOT NULL AUTO_INCREMENT,
  `name` varchar(100) CHARACTER SET utf8 COLLATE utf8_general_ci NULL DEFAULT '' COMMENT '字典名称',
  `type` varchar(100) CHARACTER SET utf8 COLLATE utf8_general_ci NULL DEFAULT '' COMMENT '字典类型',
  `is_sys` char(1) CHARACTER SET utf8 COLLATE utf8_general_ci NOT NULL DEFAULT '0' COMMENT '0-是|1-否',
  `status` char(1) CHARACTER SET utf8 COLLATE utf8_general_ci NULL DEFAULT '0' COMMENT '状态（0正常 1停用）',
  `create_by` varchar(30) CHARACTER SET utf8 COLLATE utf8_general_ci NULL DEFAULT NULL COMMENT '创建人',
  `create_time` datetime(0) NULL DEFAULT CURRENT_TIMESTAMP(0) COMMENT '创建时间',
  `update_by` varchar(30) CHARACTER SET utf8 COLLATE utf8_general_ci NULL DEFAULT NULL COMMENT '修改人',
  `update_time` datetime(0) NULL DEFAULT NULL ON UPDATE CURRENT_TIMESTAMP(0) COMMENT '修改时间',
  `remarks` varchar(255) CHARACTER SET utf8 COLLATE utf8_general_ci NULL DEFAULT '' COMMENT '备注',
  `del_flag` char(1) CHARACTER SET utf8mb4 COLLATE utf8mb4_bin NULL DEFAULT '0' COMMENT '0-正常，1-删除',
  PRIMARY KEY (`id`) USING BTREE
) ENGINE = InnoDB AUTO_INCREMENT = 21 CHARACTER SET = utf8 COLLATE = utf8_general_ci ROW_FORMAT = DYNAMIC;

-- ----------------------------
-- Records of sys_dict
-- ----------------------------
INSERT INTO `sys_dict` VALUES (1, '用户性别', 'user_sex', '0', '0', 'admin', '2018-03-16 11:33:00', 'admin', '2020-03-17 14:19:40', '用户性别列表', '0');
INSERT INTO `sys_dict` VALUES (2, '菜单状态', 'menu_status', '0', '0', 'admin', '2018-03-16 11:33:00', 'admin', '2020-03-17 14:19:41', '菜单状态列表', '0');
INSERT INTO `sys_dict` VALUES (3, '是否', 'yes_no', '0', '0', 'admin', '2018-03-16 11:33:00', 'admin', '2020-03-17 14:19:42', '是否列表', '0');
INSERT INTO `sys_dict` VALUES (4, '状态', 'status', '0', '0', 'admin', '2018-03-16 11:33:00', 'admin', '2020-03-17 14:19:42', '状态列表', '0');
INSERT INTO `sys_dict` VALUES (5, '成功失败', 'success_fail', '0', '0', 'admin', '2019-08-24 10:02:57', 'admin', '2020-03-17 14:19:43', '成功失败列表', '0');
INSERT INTO `sys_dict` VALUES (6, '文件类别', 'file_type', '0', '0', 'entfrm', '2020-03-17 13:57:44', 'entfrm', '2020-03-20 22:48:19', '文件类别列表', '0');
INSERT INTO `sys_dict` VALUES (7, '数据库类型', 'datasource_type', '0', '0', 'entfrm', '2020-03-21 11:33:14', 'entfrm', '2020-03-22 09:56:10', '数据库类型列表', '0');
INSERT INTO `sys_dict` VALUES (8, '任务类型', 'job_type', '0', '0', 'entfrm', '2020-03-21 21:21:46', NULL, NULL, '任务类型列表', '0');
INSERT INTO `sys_dict` VALUES (9, '登录类型', 'login_type', '0', '0', 'entfrm', '2020-03-22 09:55:59', NULL, NULL, '登录类型列表', '0');
INSERT INTO `sys_dict` VALUES (10, '快捷方式类型', 'shortcut_type', '0', '0', 'entfrm', '2020-03-27 09:48:05', 'entfrm', '2020-03-27 10:14:27', '快捷方式类型列表', '0');
INSERT INTO `sys_dict` VALUES (11, '模型分类', 'model_category', '0', '0', 'entfrm', '2020-04-04 22:09:36', NULL, NULL, '', '0');
INSERT INTO `sys_dict` VALUES (12, '请假类型', 'leave_type', '0', '0', 'entfrm', '2020-04-05 10:08:18', NULL, NULL, '', '0');
INSERT INTO `sys_dict` VALUES (13, '任务状态', 'job_status', '0', '0', 'entfrm', '2020-04-11 18:54:20', NULL, NULL, '', '0');
INSERT INTO `sys_dict` VALUES (14, '请假状态', 'leave_status', '0', '0', 'entfrm', '2020-04-12 14:30:52', NULL, NULL, '请假状态列表', '0');
INSERT INTO `sys_dict` VALUES (15, '应用类型', 'application_type', '0', '0', 'entfrm', '2020-04-23 18:54:07', NULL, NULL, '', '0');
INSERT INTO `sys_dict` VALUES (16, '消息类型', 'msg_type', '0', '0', 'entfrm', '2020-05-10 16:02:20', NULL, NULL, '', '0');
INSERT INTO `sys_dict` VALUES (17, '应用状态', 'application_status', '0', '0', 'entfrm', '2020-05-15 22:56:49', NULL, NULL, '应用状态列表', '0');
INSERT INTO `sys_dict` VALUES (18, '消息通知类型', 'content_type', '0', '0', 'entfrm', '2020-05-25 15:45:41', NULL, NULL, '', '0');
INSERT INTO `sys_dict` VALUES (19, '数据格式类型', 'data_type', '0', '0', 'entfrm', '2020-06-13 08:51:07', NULL, NULL, '', '0');
INSERT INTO `sys_dict` VALUES (20, '表单类型', 'form_type', '0', '0', 'entfrm', '2021-03-26 23:30:49', NULL, NULL, '', '0');

-- ----------------------------
-- Table structure for sys_dict_data
-- ----------------------------
DROP TABLE IF EXISTS `sys_dict_data`;
CREATE TABLE `sys_dict_data`  (
  `id` int(11) NOT NULL AUTO_INCREMENT COMMENT '编号',
  `dict_id` int(11) NULL DEFAULT NULL COMMENT '字典编号',
  `dict_type` varchar(100) CHARACTER SET utf8 COLLATE utf8_general_ci NOT NULL COMMENT '类型',
  `label` varchar(100) CHARACTER SET utf8 COLLATE utf8_general_ci NOT NULL COMMENT '标签名',
  `value` varchar(100) CHARACTER SET utf8 COLLATE utf8_general_ci NOT NULL COMMENT '数据值',
  `sort` int(10) NOT NULL COMMENT '排序（升序）',
  `create_by` varchar(30) CHARACTER SET utf8 COLLATE utf8_general_ci NULL DEFAULT NULL COMMENT '创建人',
  `create_time` datetime(0) NOT NULL DEFAULT CURRENT_TIMESTAMP(0) COMMENT '创建时间',
  `update_by` varchar(30) CHARACTER SET utf8 COLLATE utf8_general_ci NULL DEFAULT NULL COMMENT '修改人',
  `update_time` datetime(0) NOT NULL DEFAULT CURRENT_TIMESTAMP(0) ON UPDATE CURRENT_TIMESTAMP(0) COMMENT '更新时间',
  `remarks` varchar(255) CHARACTER SET utf8 COLLATE utf8_general_ci NULL DEFAULT NULL COMMENT '备注信息',
  `del_flag` char(1) CHARACTER SET utf8 COLLATE utf8_general_ci NOT NULL DEFAULT '0' COMMENT '删除标记',
  PRIMARY KEY (`id`) USING BTREE
) ENGINE = InnoDB AUTO_INCREMENT = 55 CHARACTER SET = utf8 COLLATE = utf8_general_ci ROW_FORMAT = DYNAMIC;

-- ----------------------------
-- Records of sys_dict_data
-- ----------------------------
INSERT INTO `sys_dict_data` VALUES (1, 1, 'user_sex', '男', '0', 1, NULL, '2019-08-13 18:33:37', NULL, '2019-08-13 18:33:40', NULL, '0');
INSERT INTO `sys_dict_data` VALUES (2, 1, 'user_sex', '女', '1', 2, NULL, '2019-08-13 18:34:03', NULL, '2019-08-13 18:34:07', NULL, '0');
INSERT INTO `sys_dict_data` VALUES (3, 2, 'menu_status', '隐藏', '1', 2, NULL, '2019-08-13 18:33:37', NULL, '2019-08-19 15:42:29', NULL, '0');
INSERT INTO `sys_dict_data` VALUES (4, 2, 'menu_status', '显示', '0', 1, NULL, '2019-08-13 18:33:37', NULL, '2019-08-19 15:42:28', NULL, '0');
INSERT INTO `sys_dict_data` VALUES (5, 3, 'yes_no', '是', '0', 1, NULL, '2019-08-13 18:33:37', 'admin', '2020-03-17 12:05:05', '', '0');
INSERT INTO `sys_dict_data` VALUES (6, 3, 'yes_no', '否', '1', 2, NULL, '2019-08-13 18:33:37', 'admin', '2020-03-17 12:05:06', '', '0');
INSERT INTO `sys_dict_data` VALUES (7, 4, 'status', '停用', '1', 2, NULL, '2019-08-13 18:34:03', 'admin', '2019-08-19 15:43:00', '', '0');
INSERT INTO `sys_dict_data` VALUES (8, 4, 'status', '正常', '0', 1, NULL, '2019-08-13 18:33:37', NULL, '2019-08-19 15:42:59', NULL, '0');
INSERT INTO `sys_dict_data` VALUES (9, NULL, 'success_fail', '成功', '0', 10, 'admin', '2019-08-24 11:48:18', 'entfrm', '2019-08-24 11:48:17', '', '0');
INSERT INTO `sys_dict_data` VALUES (10, NULL, 'success_fail', '失败', '1', 20, 'admin', '2019-08-24 11:48:27', NULL, '2019-08-24 11:48:26', '', '0');
INSERT INTO `sys_dict_data` VALUES (11, NULL, 'file_type', '图片', 'image', 1, 'entfrm', '2020-03-20 22:48:39', NULL, '2020-03-28 16:27:48', NULL, '0');
INSERT INTO `sys_dict_data` VALUES (12, NULL, 'file_type', '媒体', 'media', 2, 'entfrm', '2020-03-20 22:48:48', 'entfrm', '2020-03-28 16:28:32', NULL, '0');
INSERT INTO `sys_dict_data` VALUES (13, NULL, 'file_type', '文档', 'file', 3, 'entfrm', '2020-03-20 22:49:03', NULL, '2020-03-28 16:28:21', NULL, '0');
INSERT INTO `sys_dict_data` VALUES (14, NULL, 'datasource_type', 'Mysql', 'com.mysql.cj.jdbc.Driver', 1, 'entfrm', '2020-03-21 11:33:59', 'entfrm', '2020-03-21 11:33:59', NULL, '0');
INSERT INTO `sys_dict_data` VALUES (15, NULL, 'datasource_type', 'Sqlserver', 'com.microsoft.sqlserver.jdbc.SQLServerDriver', 2, 'entfrm', '2020-03-21 11:34:59', 'entfrm', '2020-03-21 11:34:58', NULL, '0');
INSERT INTO `sys_dict_data` VALUES (16, NULL, 'datasource_type', 'Postgresql', 'org.postgresql.Driver', 3, 'entfrm', '2020-03-21 11:36:16', NULL, '2020-03-21 11:36:15', NULL, '0');
INSERT INTO `sys_dict_data` VALUES (17, NULL, 'job_type', 'Java类', '1', 1, 'entfrm', '2020-03-21 21:22:35', NULL, '2020-03-21 21:22:35', NULL, '0');
INSERT INTO `sys_dict_data` VALUES (18, NULL, 'job_type', 'Spring bean名称', '2', 2, 'entfrm', '2020-03-21 21:22:50', NULL, '2020-03-21 21:22:50', NULL, '0');
INSERT INTO `sys_dict_data` VALUES (19, NULL, 'job_type', 'Rest调用', '3', 3, 'entfrm', '2020-03-21 21:23:06', NULL, '2020-03-21 21:23:05', NULL, '0');
INSERT INTO `sys_dict_data` VALUES (20, NULL, 'job_type', 'Jar调用', '4', 4, 'entfrm', '2020-03-21 21:23:19', NULL, '2020-03-21 21:23:18', NULL, '0');
INSERT INTO `sys_dict_data` VALUES (21, NULL, 'job_type', '其他', '5', 0, 'entfrm', '2020-03-21 21:23:24', NULL, '2020-03-21 21:23:24', NULL, '0');
INSERT INTO `sys_dict_data` VALUES (22, NULL, 'login_type', '登录', '0', 1, 'entfrm', '2020-03-22 09:56:41', NULL, '2020-03-22 09:56:40', NULL, '0');
INSERT INTO `sys_dict_data` VALUES (23, NULL, 'login_type', '退出', '1', 2, 'entfrm', '2020-03-22 09:56:51', NULL, '2020-03-22 09:56:51', NULL, '0');
INSERT INTO `sys_dict_data` VALUES (24, NULL, 'shortcut_type', '顶部', '1', 1, 'entfrm', '2020-03-27 09:48:24', NULL, '2020-03-27 09:48:23', NULL, '0');
INSERT INTO `sys_dict_data` VALUES (25, NULL, 'shortcut_type', '首页', '2', 2, 'entfrm', '2020-03-27 09:48:38', NULL, '2020-03-27 09:48:38', NULL, '0');
INSERT INTO `sys_dict_data` VALUES (26, NULL, 'model_category', '办公流程', 'office', 1, 'entfrm', '2020-04-04 22:10:14', NULL, '2020-04-04 22:10:13', NULL, '0');
INSERT INTO `sys_dict_data` VALUES (27, NULL, 'model_category', '项目流程', 'project', 2, 'entfrm', '2020-04-04 22:10:27', NULL, '2020-04-04 22:10:26', NULL, '0');
INSERT INTO `sys_dict_data` VALUES (28, NULL, 'leave_type', '事假', '1', 1, 'entfrm', '2020-04-05 10:08:52', NULL, '2020-04-05 10:08:52', NULL, '0');
INSERT INTO `sys_dict_data` VALUES (29, NULL, 'leave_type', '病假', '2', 2, 'entfrm', '2020-04-05 10:09:05', NULL, '2020-04-05 10:09:05', NULL, '0');
INSERT INTO `sys_dict_data` VALUES (30, NULL, 'leave_type', '产假', '3', 3, 'entfrm', '2020-04-05 10:09:37', 'entfrm', '2020-04-05 10:09:37', NULL, '0');
INSERT INTO `sys_dict_data` VALUES (31, NULL, 'job_status', '未发布', '1', 1, 'entfrm', '2020-04-11 18:54:37', NULL, '2020-04-11 18:54:37', NULL, '0');
INSERT INTO `sys_dict_data` VALUES (32, NULL, 'job_status', '运行中', '2', 2, 'entfrm', '2020-04-11 18:54:48', NULL, '2020-04-11 18:54:47', NULL, '0');
INSERT INTO `sys_dict_data` VALUES (33, NULL, 'job_status', '暂停', '3', 3, 'entfrm', '2020-04-11 18:54:57', NULL, '2020-04-11 18:54:57', NULL, '0');
INSERT INTO `sys_dict_data` VALUES (34, NULL, 'leave_status', '未提交', '0', 0, 'entfrm', '2020-04-12 14:31:12', NULL, '2020-04-12 14:31:11', NULL, '0');
INSERT INTO `sys_dict_data` VALUES (35, NULL, 'leave_status', '未审批', '1', 1, 'entfrm', '2020-04-12 14:31:29', NULL, '2020-04-12 14:31:28', NULL, '0');
INSERT INTO `sys_dict_data` VALUES (36, NULL, 'leave_status', '批准', '2', 2, 'entfrm', '2020-04-12 14:31:38', NULL, '2020-04-12 14:31:38', NULL, '0');
INSERT INTO `sys_dict_data` VALUES (37, NULL, 'leave_status', '驳回', '9', 3, 'entfrm', '2020-04-12 14:31:51', '小狗', '2020-04-12 14:31:51', NULL, '0');
INSERT INTO `sys_dict_data` VALUES (38, NULL, 'application_type', 'PC', '1', 1, 'entfrm', '2020-04-23 18:54:36', NULL, '2020-04-23 18:54:36', NULL, '0');
INSERT INTO `sys_dict_data` VALUES (39, NULL, 'application_type', 'APP', '2', 2, 'entfrm', '2020-04-23 18:54:44', NULL, '2020-04-23 18:54:44', NULL, '0');
INSERT INTO `sys_dict_data` VALUES (40, NULL, 'application_type', '小程序', '3', 3, 'entfrm', '2020-04-23 18:54:58', NULL, '2020-04-23 18:54:57', NULL, '0');
INSERT INTO `sys_dict_data` VALUES (41, NULL, 'msg_type', '短信', '0', 0, 'entfrm', '2020-05-10 16:02:40', NULL, '2020-05-10 16:02:40', NULL, '0');
INSERT INTO `sys_dict_data` VALUES (42, NULL, 'msg_type', '邮件', '1', 1, 'entfrm', '2020-05-10 16:02:50', NULL, '2020-05-10 16:02:50', NULL, '0');
INSERT INTO `sys_dict_data` VALUES (43, NULL, 'application_status', '未发布', '0', 0, 'entfrm', '2020-05-15 22:57:27', NULL, '2020-05-15 22:57:27', NULL, '0');
INSERT INTO `sys_dict_data` VALUES (44, NULL, 'application_status', '已发布', '1', 1, 'entfrm', '2020-05-15 22:57:36', NULL, '2020-05-15 22:57:35', NULL, '0');
INSERT INTO `sys_dict_data` VALUES (45, NULL, 'msg_type', 'PC', '2', 2, 'entfrm', '2020-05-25 15:44:18', NULL, '2020-05-25 15:44:17', NULL, '0');
INSERT INTO `sys_dict_data` VALUES (46, NULL, 'msg_type', 'APP', '3', 3, 'entfrm', '2020-05-25 15:44:44', NULL, '2020-05-25 15:44:43', NULL, '0');
INSERT INTO `sys_dict_data` VALUES (47, NULL, 'msg_type', '微信', '4', 4, 'entfrm', '2020-05-25 15:44:56', NULL, '2020-05-25 15:44:56', NULL, '0');
INSERT INTO `sys_dict_data` VALUES (48, NULL, 'content_type', '通知', '0', 0, 'entfrm', '2020-05-25 15:46:28', NULL, '2020-05-25 15:46:28', NULL, '0');
INSERT INTO `sys_dict_data` VALUES (49, NULL, 'content_type', '公告', '1', 1, 'entfrm', '2020-05-25 15:46:38', NULL, '2020-05-25 15:46:38', NULL, '0');
INSERT INTO `sys_dict_data` VALUES (50, NULL, 'content_type', '其他', '2', 2, 'entfrm', '2020-05-25 15:46:46', NULL, '2020-05-25 15:46:45', NULL, '0');
INSERT INTO `sys_dict_data` VALUES (51, NULL, 'data_type', 'json', 'json', 1, 'entfrm', '2020-06-13 08:51:24', NULL, '2020-06-13 08:51:24', NULL, '0');
INSERT INTO `sys_dict_data` VALUES (52, NULL, 'form_type', '普通表单', '0', 0, 'entfrm', '2021-03-26 23:31:12', NULL, '2021-03-26 23:31:12', NULL, '0');
INSERT INTO `sys_dict_data` VALUES (53, NULL, 'form_type', '工作流表单', '1', 1, 'entfrm', '2021-03-26 23:31:20', NULL, '2021-03-26 23:31:19', NULL, '0');
INSERT INTO `sys_dict_data` VALUES (54, NULL, 'leave_status', '作废', '8', 4, '小狗', '2021-04-15 01:03:15', NULL, '2021-04-15 01:03:14', '作废流程', '0');

-- ----------------------------
-- Table structure for sys_file_info
-- ----------------------------
DROP TABLE IF EXISTS `sys_file_info`;
CREATE TABLE `sys_file_info`  (
  `id` int(11) NOT NULL AUTO_INCREMENT COMMENT '编号',
  `name` varchar(120) CHARACTER SET utf8 COLLATE utf8_general_ci NULL DEFAULT NULL COMMENT '文件名称',
  `type` varchar(10) CHARACTER SET utf8 COLLATE utf8_general_ci NULL DEFAULT NULL COMMENT '文件类型',
  `format` varchar(30) CHARACTER SET utf8 COLLATE utf8_general_ci NULL DEFAULT NULL COMMENT '文件格式',
  `size` varchar(30) CHARACTER SET utf8 COLLATE utf8_general_ci NULL DEFAULT NULL COMMENT '文件大小',
  `path` varchar(255) CHARACTER SET utf8 COLLATE utf8_general_ci NULL DEFAULT NULL COMMENT '文件保存路径',
  `thumbnail` varchar(255) CHARACTER SET utf8 COLLATE utf8_general_ci NULL DEFAULT NULL COMMENT '缩略图',
  `dept_id` int(11) NULL DEFAULT NULL COMMENT '机构编号',
  `status` char(1) CHARACTER SET utf8 COLLATE utf8_general_ci NULL DEFAULT '0' COMMENT '状态',
  `create_by` varchar(64) CHARACTER SET utf8 COLLATE utf8_general_ci NULL DEFAULT '' COMMENT '创建者',
  `create_time` datetime(0) NULL DEFAULT NULL COMMENT '创建时间',
  `remarks` varchar(255) CHARACTER SET utf8 COLLATE utf8_general_ci NULL DEFAULT '' COMMENT '备注',
  `del_flag` char(1) CHARACTER SET utf8mb4 COLLATE utf8mb4_general_ci NULL DEFAULT '0' COMMENT '删除标志（0代表存在 1代表删除）',
  PRIMARY KEY (`id`) USING BTREE
) ENGINE = InnoDB AUTO_INCREMENT = 1 CHARACTER SET = utf8 COLLATE = utf8_general_ci ROW_FORMAT = DYNAMIC;

-- ----------------------------
-- Records of sys_file_info
-- ----------------------------

-- ----------------------------
-- Table structure for sys_job
-- ----------------------------
DROP TABLE IF EXISTS `sys_job`;
CREATE TABLE `sys_job`  (
  `id` int(11) NOT NULL AUTO_INCREMENT COMMENT '任务id',
  `job_name` varchar(64) CHARACTER SET utf8mb4 COLLATE utf8mb4_general_ci NOT NULL COMMENT '任务名称',
  `job_group` varchar(64) CHARACTER SET utf8mb4 COLLATE utf8mb4_general_ci NOT NULL COMMENT '任务组名',
  `job_order` char(1) CHARACTER SET utf8mb4 COLLATE utf8mb4_general_ci NULL DEFAULT NULL COMMENT '组内执行顺利，值越大执行优先级越高，最大值9，最小值1',
  `job_type` char(1) CHARACTER SET utf8mb4 COLLATE utf8mb4_general_ci NOT NULL DEFAULT '1' COMMENT '1、java类;2、spring bean名称;3、rest调用;4、jar调用;9其他',
  `execute_path` varchar(500) CHARACTER SET utf8mb4 COLLATE utf8mb4_general_ci NULL DEFAULT NULL COMMENT 'job_type=3时，rest调用地址，仅支持rest get协议,需要增加String返回值，0成功，1失败;job_type=4时，jar路径;其它值为空',
  `params_value` varchar(2000) CHARACTER SET utf8mb4 COLLATE utf8mb4_general_ci NULL DEFAULT NULL COMMENT '参数值',
  `cron_expression` varchar(255) CHARACTER SET utf8mb4 COLLATE utf8mb4_general_ci NULL DEFAULT NULL COMMENT 'cron执行表达式',
  `misfire_policy` varchar(20) CHARACTER SET utf8mb4 COLLATE utf8mb4_general_ci NULL DEFAULT '3' COMMENT '错误策略（1立即执行 2执行一次 3放弃执行）',
  `job_tenant_type` char(1) CHARACTER SET utf8mb4 COLLATE utf8mb4_general_ci NULL DEFAULT '1' COMMENT '1、多租户任务;2、非多租户任务',
  `job_status` char(1) CHARACTER SET utf8mb4 COLLATE utf8mb4_general_ci NULL DEFAULT '0' COMMENT '状态（1、未发布;2、运行中;3、暂停;4、删除;）',
  `job_execute_status` char(1) CHARACTER SET utf8mb4 COLLATE utf8mb4_general_ci NULL DEFAULT '0' COMMENT '状态（0正常 1异常）',
  `start_time` datetime(0) NULL DEFAULT NULL COMMENT '初次执行时间',
  `previous_time` datetime(0) NULL DEFAULT NULL COMMENT '上次执行时间',
  `next_time` datetime(0) NULL DEFAULT NULL COMMENT '下次执行时间',
  `create_by` varchar(64) CHARACTER SET utf8mb4 COLLATE utf8mb4_general_ci NULL DEFAULT NULL COMMENT '创建者',
  `create_time` datetime(0) NOT NULL DEFAULT CURRENT_TIMESTAMP(0) COMMENT '创建时间',
  `update_by` varchar(64) CHARACTER SET utf8mb4 COLLATE utf8mb4_general_ci NULL DEFAULT '' COMMENT '更新者',
  `update_time` datetime(0) NOT NULL DEFAULT CURRENT_TIMESTAMP(0) COMMENT '更新时间',
  `remarks` varchar(500) CHARACTER SET utf8mb4 COLLATE utf8mb4_general_ci NULL DEFAULT '' COMMENT '备注信息',
  `del_flag` char(1) CHARACTER SET utf8mb4 COLLATE utf8mb4_general_ci NULL DEFAULT '0' COMMENT '删除标志（0代表存在 1代表删除）',
  PRIMARY KEY (`id`) USING BTREE
) ENGINE = InnoDB AUTO_INCREMENT = 2 CHARACTER SET = utf8mb4 COLLATE = utf8mb4_general_ci COMMENT = '定时任务调度表' ROW_FORMAT = DYNAMIC;

-- ----------------------------
-- Records of sys_job
-- ----------------------------
INSERT INTO `sys_job` VALUES (1, 'demoMethod', 'demo', '5', '2', 'demo.demoMethod', '1', '0 * * * * ? *', '3', '1', '3', '0', '2020-05-21 16:17:11', '2020-06-02 10:37:00', '2020-06-02 10:38:00', 'admin', '2019-03-25 14:00:14', 'entfrm', '2021-04-04 17:20:50', '演示Spring Bean的定时任务', '0');

-- ----------------------------
-- Table structure for sys_job_log
-- ----------------------------
DROP TABLE IF EXISTS `sys_job_log`;
CREATE TABLE `sys_job_log`  (
  `id` int(11) NOT NULL AUTO_INCREMENT COMMENT '任务日志ID',
  `job_id` int(11) NOT NULL COMMENT '任务id',
  `job_name` varchar(64) CHARACTER SET utf8 COLLATE utf8_general_ci NULL DEFAULT NULL COMMENT '任务名称',
  `job_group` varchar(64) CHARACTER SET utf8 COLLATE utf8_general_ci NULL DEFAULT NULL COMMENT '任务组名',
  `job_order` char(1) CHARACTER SET utf8 COLLATE utf8_general_ci NULL DEFAULT NULL COMMENT '组内执行顺利，值越大执行优先级越高，最大值9，最小值1',
  `job_type` char(1) CHARACTER SET utf8 COLLATE utf8_general_ci NOT NULL DEFAULT '1' COMMENT '1、java类;2、spring bean名称;3、rest调用;4、jar调用;9其他',
  `execute_path` varchar(500) CHARACTER SET utf8 COLLATE utf8_general_ci NULL DEFAULT NULL COMMENT 'job_type=3时，rest调用地址，仅支持post协议;job_type=4时，jar路径;其它值为空',
  `params_value` varchar(2000) CHARACTER SET utf8 COLLATE utf8_general_ci NULL DEFAULT NULL COMMENT '参数值',
  `cron_expression` varchar(255) CHARACTER SET utf8 COLLATE utf8_general_ci NULL DEFAULT NULL COMMENT 'cron执行表达式',
  `job_message` varchar(500) CHARACTER SET utf8 COLLATE utf8_general_ci NULL DEFAULT NULL COMMENT '日志信息',
  `job_log_status` char(1) CHARACTER SET utf8 COLLATE utf8_general_ci NULL DEFAULT '0' COMMENT '执行状态（0正常 1失败）',
  `execute_time` varchar(30) CHARACTER SET utf8 COLLATE utf8_general_ci NULL DEFAULT NULL COMMENT '执行时间',
  `exception_info` varchar(2000) CHARACTER SET utf8 COLLATE utf8_general_ci NULL DEFAULT '' COMMENT '异常信息',
  `create_time` datetime(0) NOT NULL DEFAULT CURRENT_TIMESTAMP(0) COMMENT '创建时间',
  PRIMARY KEY (`id`) USING BTREE
) ENGINE = InnoDB AUTO_INCREMENT = 1 CHARACTER SET = utf8 COLLATE = utf8_general_ci COMMENT = '定时任务执行日志表' ROW_FORMAT = DYNAMIC;

-- ----------------------------
-- Records of sys_job_log
-- ----------------------------

-- ----------------------------
-- Table structure for sys_login_log
-- ----------------------------
DROP TABLE IF EXISTS `sys_login_log`;
CREATE TABLE `sys_login_log`  (
  `id` int(11) NOT NULL AUTO_INCREMENT COMMENT '访问ID',
  `login_name` varchar(50) CHARACTER SET utf8mb4 COLLATE utf8mb4_general_ci NULL DEFAULT '' COMMENT '登录账号',
  `login_type` char(1) CHARACTER SET utf8 COLLATE utf8_general_ci NULL DEFAULT '0' COMMENT '登录类型',
  `login_ip` varchar(50) CHARACTER SET utf8mb4 COLLATE utf8mb4_general_ci NULL DEFAULT '' COMMENT '登录IP地址',
  `login_addr` varchar(255) CHARACTER SET utf8mb4 COLLATE utf8mb4_general_ci NULL DEFAULT '' COMMENT '登录地点',
  `user_agent` text CHARACTER SET utf8mb4 COLLATE utf8mb4_general_ci NULL COMMENT '用户代理',
  `status` char(1) CHARACTER SET utf8mb4 COLLATE utf8mb4_general_ci NULL DEFAULT '0' COMMENT '登录状态（0成功 1失败）',
  `msg` varchar(255) CHARACTER SET utf8mb4 COLLATE utf8mb4_general_ci NULL DEFAULT '' COMMENT '提示消息',
  `login_time` datetime(0) NULL DEFAULT NULL COMMENT '访问时间',
  PRIMARY KEY (`id`) USING BTREE
) ENGINE = InnoDB AUTO_INCREMENT = 639 CHARACTER SET = utf8 COLLATE = utf8_general_ci ROW_FORMAT = DYNAMIC;

-- ----------------------------
-- Records of sys_login_log
-- ----------------------------
INSERT INTO `sys_login_log` VALUES (638, 'entfrm', '0', '127.0.0.1', 'XX XX', 'Mozilla/5.0 (Windows NT 10.0; Win64; x64) AppleWebKit/537.36 (KHTML, like Gecko) Chrome/90.0.4430.85 Safari/537.36', '0', '', '2021-04-23 18:08:27');

-- ----------------------------
-- Table structure for sys_menu
-- ----------------------------
DROP TABLE IF EXISTS `sys_menu`;
CREATE TABLE `sys_menu`  (
  `id` int(11) NOT NULL AUTO_INCREMENT COMMENT '编号',
  `name` varchar(30) CHARACTER SET utf8 COLLATE utf8_general_ci NOT NULL COMMENT '菜单名称',
  `parent_id` int(11) NULL DEFAULT NULL COMMENT '父菜单ID',
  `parent_ids` varchar(255) CHARACTER SET utf8 COLLATE utf8_general_ci NULL DEFAULT NULL COMMENT '父菜单IDS',
  `application_id` int(11) NULL DEFAULT 1 COMMENT '应用编号',
  `type` char(1) CHARACTER SET utf8 COLLATE utf8_general_ci NULL DEFAULT NULL COMMENT '菜单类型 ',
  `path` varchar(128) CHARACTER SET utf8 COLLATE utf8_general_ci NULL DEFAULT NULL COMMENT '前端URL',
  `component` varchar(64) CHARACTER SET utf8 COLLATE utf8_general_ci NULL DEFAULT '#' COMMENT 'VUE页面',
  `perms` varchar(60) CHARACTER SET utf8 COLLATE utf8_general_ci NULL DEFAULT NULL COMMENT '菜单权限标识',
  `icon` varchar(60) CHARACTER SET utf8 COLLATE utf8_general_ci NULL DEFAULT NULL COMMENT '图标',
  `no_cache` char(1) CHARACTER SET utf8mb4 COLLATE utf8mb4_general_ci NULL DEFAULT '1' COMMENT '路由缓存',
  `sort` int(11) NULL DEFAULT 1 COMMENT '排序值',
  `status` char(1) CHARACTER SET utf8 COLLATE utf8_general_ci NULL DEFAULT '0' COMMENT '菜单状态（0显示 1隐藏）',
  `create_by` varchar(30) CHARACTER SET utf8 COLLATE utf8_general_ci NULL DEFAULT NULL COMMENT '创建人',
  `create_time` datetime(0) NULL DEFAULT CURRENT_TIMESTAMP(0) COMMENT '创建时间',
  `update_by` varchar(30) CHARACTER SET utf8 COLLATE utf8_general_ci NULL DEFAULT NULL COMMENT '修改人',
  `update_time` datetime(0) NULL DEFAULT NULL ON UPDATE CURRENT_TIMESTAMP(0) COMMENT '修改时间',
  `remarks` varchar(255) CHARACTER SET utf8mb4 COLLATE utf8mb4_bin NULL DEFAULT NULL COMMENT '备注',
  `del_flag` char(1) CHARACTER SET utf8mb4 COLLATE utf8mb4_bin NULL DEFAULT '0' COMMENT '删除标识（0-正常,1-删除）',
  PRIMARY KEY (`id`) USING BTREE
) ENGINE = InnoDB AUTO_INCREMENT = 247 CHARACTER SET = utf8mb4 COLLATE = utf8mb4_general_ci ROW_FORMAT = DYNAMIC;

-- ----------------------------
-- Records of sys_menu
-- ----------------------------
INSERT INTO `sys_menu` VALUES (1, '系统管理', 0, NULL, 1, 'M', 'system', '#', '', 'system', '0', 10, '0', 'admin', '2019-03-16 11:33:00', 'admin', '2020-03-16 20:45:21', '系统管理模块', '0');
INSERT INTO `sys_menu` VALUES (2, '运维监控', 0, NULL, 1, 'M', 'monitor', '#', '', 'monitor', '0', 20, '0', 'admin', '2019-03-16 11:33:00', 'admin', '2020-03-17 19:14:27', '运维监控模块', '0');
INSERT INTO `sys_menu` VALUES (3, '开发工具', 0, NULL, 2, 'M', 'toolkit', '#', '', 'tool', '0', 30, '0', 'admin', '2019-03-16 11:33:00', 'admin', '2021-03-26 22:01:59', '开发工具模块', '0');
INSERT INTO `sys_menu` VALUES (4, '机构管理', 1, NULL, 1, 'C', 'dept', 'system/dept/index', '', 'tree', '0', 1, '0', NULL, '2020-03-13 19:31:20', NULL, '2020-03-14 20:55:41', NULL, '0');
INSERT INTO `sys_menu` VALUES (5, '角色管理', 1, NULL, 1, 'C', 'role', 'system/role/index', '', 'peoples', '0', 2, '0', NULL, '2020-03-13 19:32:09', NULL, '2020-03-16 22:11:57', NULL, '0');
INSERT INTO `sys_menu` VALUES (6, '用户管理', 1, NULL, 1, 'C', 'user', 'system/user/index', '', 'user', '0', 3, '0', NULL, '2020-03-13 19:32:30', NULL, '2020-03-16 22:11:59', NULL, '0');
INSERT INTO `sys_menu` VALUES (7, '菜单管理', 1, NULL, 1, 'C', 'menu', 'system/menu/index', '', 'tree-table', '0', 4, '0', NULL, '2020-03-13 19:33:24', NULL, '2020-03-16 22:12:01', NULL, '0');
INSERT INTO `sys_menu` VALUES (8, '机构新增', 4, NULL, 1, 'F', NULL, '#', 'dept_add', NULL, '0', 1, '0', NULL, '2020-03-12 20:42:47', NULL, '2020-03-16 20:42:51', NULL, '0');
INSERT INTO `sys_menu` VALUES (9, '机构修改', 4, NULL, 1, 'F', NULL, '#', 'dept_edit', NULL, '0', 2, '0', NULL, '2020-03-12 20:42:52', NULL, '2020-03-16 20:42:56', NULL, '0');
INSERT INTO `sys_menu` VALUES (10, '机构删除', 4, NULL, 1, 'F', NULL, '#', 'dept_del', NULL, '0', 3, '0', NULL, '2020-03-12 20:42:57', NULL, '2020-03-16 20:43:02', NULL, '0');
INSERT INTO `sys_menu` VALUES (11, '机构查看', 4, NULL, 1, 'F', NULL, '#', 'dept_view', NULL, '0', 4, '0', NULL, '2020-03-12 20:43:03', NULL, '2020-03-16 20:43:06', NULL, '0');
INSERT INTO `sys_menu` VALUES (12, '机构导入', 4, NULL, 1, 'F', NULL, '#', 'dept_import', NULL, '0', 5, '0', 'entfrm', '2020-03-16 20:40:08', 'entfrm', '2020-03-16 20:42:10', NULL, '0');
INSERT INTO `sys_menu` VALUES (13, '角色新增', 5, NULL, 1, 'F', NULL, '#', 'role_add', NULL, '0', 1, '0', 'entfrm', '2020-03-16 11:50:24', NULL, '2020-03-16 20:41:51', NULL, '0');
INSERT INTO `sys_menu` VALUES (14, '角色修改', 5, NULL, 1, 'F', NULL, '#', 'role_edit', NULL, '0', 2, '0', 'entfrm', '2020-03-16 11:51:05', NULL, '2020-03-16 20:41:44', NULL, '0');
INSERT INTO `sys_menu` VALUES (15, '角色删除', 5, NULL, 1, 'F', NULL, '#', 'role_del', NULL, '0', 3, '0', 'entfrm', '2020-03-16 11:51:21', NULL, '2020-03-16 20:41:41', NULL, '0');
INSERT INTO `sys_menu` VALUES (16, '角色查看', 5, NULL, 1, 'F', NULL, '#', 'role_view', NULL, '0', 4, '0', 'entfrm', '2020-03-16 11:51:40', NULL, '2020-03-16 20:41:37', NULL, '0');
INSERT INTO `sys_menu` VALUES (17, '数据权限', 5, NULL, 1, 'F', NULL, '#', 'role_data', NULL, '0', 5, '0', 'entfrm', '2020-03-16 12:15:50', NULL, '2020-03-16 20:41:34', NULL, '0');
INSERT INTO `sys_menu` VALUES (18, '用户添加', 6, NULL, 1, 'F', NULL, '#', 'user_add', NULL, '0', 1, '0', 'entfrm', '2020-03-16 20:31:15', NULL, '2020-03-16 20:41:31', NULL, '0');
INSERT INTO `sys_menu` VALUES (19, '用户修改', 6, NULL, 1, 'F', NULL, '#', 'user_edit', NULL, '0', 2, '0', 'entfrm', '2020-03-16 20:32:19', 'entfrm', '2020-03-16 20:41:28', NULL, '0');
INSERT INTO `sys_menu` VALUES (20, '用户删除', 6, NULL, 1, 'F', NULL, '#', 'user_del', NULL, '0', 3, '0', 'entfrm', '2020-03-16 20:32:41', NULL, '2020-03-16 20:41:25', NULL, '0');
INSERT INTO `sys_menu` VALUES (21, '用户查看', 6, NULL, 1, 'F', NULL, '#', 'user_view', NULL, '0', 4, '0', 'entfrm', '2020-03-16 20:33:11', NULL, '2020-03-16 20:41:20', NULL, '0');
INSERT INTO `sys_menu` VALUES (22, '重置密码', 6, NULL, 1, 'F', NULL, '#', 'user_reset', NULL, '0', 5, '0', 'entfrm', '2020-03-16 20:34:22', 'entfrm', '2020-03-16 20:41:17', NULL, '0');
INSERT INTO `sys_menu` VALUES (23, '用户导入', 6, NULL, 1, 'F', NULL, '#', 'user_import', NULL, '0', 6, '0', 'entfrm', '2020-03-16 20:34:49', NULL, '2020-03-16 20:41:14', NULL, '0');
INSERT INTO `sys_menu` VALUES (24, '用户导出', 6, NULL, 1, 'F', NULL, '#', 'user_export', NULL, '0', 7, '0', 'entfrm', '2020-03-16 20:35:12', NULL, '2020-03-16 20:41:12', NULL, '0');
INSERT INTO `sys_menu` VALUES (25, '菜单新增', 7, NULL, 1, 'F', NULL, '#', 'menu_add', NULL, '0', 1, '0', 'entfrm', '2020-03-16 20:38:18', NULL, '2020-03-16 20:41:10', NULL, '0');
INSERT INTO `sys_menu` VALUES (26, '菜单修改', 7, NULL, 1, 'F', NULL, '#', 'menu_edit', NULL, '0', 2, '0', 'entfrm', '2020-03-16 20:38:41', 'entfrm', '2020-03-16 20:41:07', NULL, '0');
INSERT INTO `sys_menu` VALUES (27, '菜单删除', 7, NULL, 1, 'F', NULL, '#', 'menu_del', NULL, '0', 3, '0', 'entfrm', '2020-03-16 20:39:04', NULL, '2020-03-16 20:41:04', NULL, '0');
INSERT INTO `sys_menu` VALUES (28, '菜单查看', 7, NULL, 1, 'F', NULL, '#', 'menu_view', NULL, '0', 4, '0', 'entfrm', '2020-03-16 20:39:39', NULL, '2020-03-16 20:41:01', NULL, '0');
INSERT INTO `sys_menu` VALUES (29, '字典管理', 1, '6', 1, 'C', 'dict', 'system/dict/index', '', 'dict', '0', 5, '0', 'entfrm', '2020-03-16 11:33:00', '', '2020-03-16 11:33:00', '字典管理菜单', '0');
INSERT INTO `sys_menu` VALUES (30, '字典新增', 29, NULL, 1, 'F', NULL, '#', 'dict_add', NULL, '0', 1, '0', 'entfrm', '2020-03-16 20:50:45', NULL, NULL, NULL, '0');
INSERT INTO `sys_menu` VALUES (31, '字典修改', 29, NULL, 1, 'F', NULL, '#', 'dict_edit', NULL, '0', 2, '0', 'entfrm', '2020-03-16 20:51:01', NULL, NULL, NULL, '0');
INSERT INTO `sys_menu` VALUES (32, '字典删除', 29, NULL, 1, 'F', NULL, '#', 'dict_del', NULL, '0', 3, '0', 'entfrm', '2020-03-16 20:52:18', NULL, NULL, NULL, '0');
INSERT INTO `sys_menu` VALUES (33, '字典查看', 29, NULL, 1, 'F', NULL, '#', 'dict_view', NULL, '0', 4, '0', 'entfrm', '2020-03-16 20:52:38', NULL, NULL, NULL, '0');
INSERT INTO `sys_menu` VALUES (34, '数据增加', 29, NULL, 1, 'F', NULL, '#', 'dictData_add', NULL, '0', 5, '0', 'entfrm', '2020-03-16 21:49:18', NULL, NULL, NULL, '0');
INSERT INTO `sys_menu` VALUES (35, '数据修改', 29, NULL, 1, 'F', NULL, '#', 'dictData_edit', NULL, '0', 6, '0', 'entfrm', '2020-03-16 21:49:36', NULL, NULL, NULL, '0');
INSERT INTO `sys_menu` VALUES (36, '数据删除', 29, NULL, 1, 'F', NULL, '#', 'dictData_del', NULL, '0', 7, '0', 'entfrm', '2020-03-16 21:50:00', NULL, NULL, NULL, '0');
INSERT INTO `sys_menu` VALUES (37, '数据查看', 29, NULL, 1, 'F', NULL, '#', 'dictData_view', NULL, '0', 8, '0', 'entfrm', '2020-03-16 21:50:19', NULL, NULL, NULL, '0');
INSERT INTO `sys_menu` VALUES (38, '参数管理', 1, NULL, 1, 'C', 'config', 'system/config/index', NULL, 'list', '0', 6, '0', 'entfrm', '2020-03-16 22:06:52', NULL, '2020-03-16 22:11:13', NULL, '0');
INSERT INTO `sys_menu` VALUES (39, '参数新增', 38, NULL, 1, 'F', NULL, '#', 'config_add', NULL, '0', 1, '0', 'entfrm', '2020-03-16 22:07:16', NULL, NULL, NULL, '0');
INSERT INTO `sys_menu` VALUES (40, '参数修改', 38, NULL, 1, 'F', NULL, '#', 'config_edit', NULL, '0', 2, '0', 'entfrm', '2020-03-16 22:07:30', NULL, NULL, NULL, '0');
INSERT INTO `sys_menu` VALUES (41, '参数删除', 38, NULL, 1, 'F', NULL, '#', 'config_del', NULL, '0', 3, '0', 'entfrm', '2020-03-16 22:07:43', NULL, NULL, NULL, '0');
INSERT INTO `sys_menu` VALUES (42, '参数查看', 38, NULL, 1, 'F', NULL, '#', 'config_view', NULL, '0', 4, '0', 'entfrm', '2020-03-16 22:08:06', NULL, NULL, NULL, '0');
INSERT INTO `sys_menu` VALUES (43, '快捷方式', 1, NULL, 1, 'C', 'shortcut', 'system/shortcut/index', NULL, 'link', '0', 7, '0', 'entfrm', '2020-03-17 17:53:08', NULL, NULL, NULL, '0');
INSERT INTO `sys_menu` VALUES (44, '文件管理', 1, NULL, 1, 'C', 'fileInfo', 'system/fileInfo/index', NULL, 'zip', '0', 8, '0', 'entfrm', '2020-03-17 17:56:28', 'entfrm', '2020-03-20 22:33:35', NULL, '0');
INSERT INTO `sys_menu` VALUES (45, '终端管理', 1, NULL, 1, 'C', 'clientDetails', 'system/clientDetails/index', NULL, 'phone', '0', 9, '0', 'entfrm', '2020-03-17 17:57:46', NULL, NULL, NULL, '0');
INSERT INTO `sys_menu` VALUES (46, '数据备份', 1, NULL, 1, 'C', 'backup', 'system/backup/index', NULL, 'date-range', '0', 11, '0', 'entfrm', '2020-03-17 18:02:21', NULL, '2020-03-18 22:20:28', NULL, '0');
INSERT INTO `sys_menu` VALUES (47, '令牌管理', 2, NULL, 1, 'C', 'token', 'monitor/token/index', NULL, 'post', '0', 1, '0', 'entfrm', '2020-03-17 17:59:55', 'entfrm', '2020-05-10 22:32:05', NULL, '0');
INSERT INTO `sys_menu` VALUES (48, '定时任务', 2, NULL, 1, 'C', 'job', 'monitor/job/index', NULL, 'time-range', '0', 2, '0', 'entfrm', '2020-03-17 18:08:23', NULL, '2020-03-18 22:20:23', NULL, '0');
INSERT INTO `sys_menu` VALUES (49, '数据监控', 2, NULL, 1, 'C', 'druid', 'monitor/druid/index', NULL, 'druid', '0', 3, '0', 'entfrm', '2020-03-17 18:08:56', NULL, '2020-03-20 18:53:07', NULL, '0');
INSERT INTO `sys_menu` VALUES (50, '服务监控', 2, NULL, 1, 'C', 'server', 'monitor/server/index', NULL, 'server', '0', 4, '0', 'entfrm', '2020-03-17 18:09:39', 'entfrm', '2020-03-20 19:23:24', NULL, '0');
INSERT INTO `sys_menu` VALUES (51, 'API监控', 2, NULL, 1, 'C', 'apiStat', 'monitor/apiStat/index', 'apiStat_view', 'chart', '0', 6, '0', 'entfrm', '2020-03-17 18:15:13', 'entfrm', '2020-05-17 16:48:20', NULL, '0');
INSERT INTO `sys_menu` VALUES (52, '日志监控', 2, NULL, 1, 'M', 'log', '#', NULL, 'monitor', '0', 7, '0', 'entfrm', '2020-03-17 18:12:01', NULL, '2020-05-17 16:48:23', NULL, '0');
INSERT INTO `sys_menu` VALUES (53, '登录日志', 52, NULL, 1, 'C', 'loginLog', 'monitor/loginLog/index', NULL, 'logininfor', '0', 1, '0', 'entfrm', '2020-03-17 18:12:56', NULL, '2020-03-18 22:31:53', NULL, '0');
INSERT INTO `sys_menu` VALUES (54, '操作日志', 52, NULL, 1, 'C', 'operLog', 'monitor/operLog/index', NULL, 'log', '0', 2, '0', 'entfrm', '2020-03-17 18:13:52', 'entfrm', '2020-03-18 22:31:36', NULL, '0');
INSERT INTO `sys_menu` VALUES (55, '接口文档', 3, NULL, 2, 'C', 'swagger', 'toolkit/swagger/index', NULL, 'swagger', '0', 4, '0', 'entfrm', '2020-03-17 18:18:38', 'entfrm', '2021-03-26 21:59:08', NULL, '0');
INSERT INTO `sys_menu` VALUES (56, '模板管理', 3, NULL, 2, 'M', 'template', '#', NULL, 'drag', '0', 5, '0', 'entfrm', '2020-03-17 18:19:52', 'entfrm', '2021-03-26 21:59:08', NULL, '1');
INSERT INTO `sys_menu` VALUES (57, '表单构建', 3, NULL, 2, 'C', 'build', 'toolkit/build/index', NULL, 'form', '0', 6, '0', 'entfrm', '2020-03-17 18:21:32', 'entfrm', '2021-03-27 09:12:17', NULL, '1');
INSERT INTO `sys_menu` VALUES (58, '工作流', 0, NULL, 2, 'M', 'activiti', '#', NULL, 'skill', '1', 4, '0', 'entfrm', '2020-03-17 18:22:36', 'entfrm', '2020-03-20 23:09:48', NULL, '0');
INSERT INTO `sys_menu` VALUES (59, '终端新增', 45, NULL, 1, 'F', NULL, '#', 'clientDetails_add', NULL, '0', 1, '0', 'entfrm', '2020-03-18 15:18:36', NULL, NULL, NULL, '0');
INSERT INTO `sys_menu` VALUES (60, '终端修改', 45, NULL, 1, 'F', NULL, '#', 'clientDetails_edit', NULL, '0', 2, '0', 'entfrm', '2020-03-18 15:18:53', NULL, NULL, NULL, '0');
INSERT INTO `sys_menu` VALUES (61, '终端删除', 45, NULL, 1, 'F', NULL, '#', 'clientDetails_del', NULL, '0', 3, '0', 'entfrm', '2020-03-18 15:19:06', NULL, NULL, NULL, '0');
INSERT INTO `sys_menu` VALUES (62, '终端查看', 45, NULL, 1, 'F', NULL, '#', 'clientDetails_view', NULL, '0', 4, '0', 'entfrm', '2020-03-18 15:19:29', NULL, NULL, NULL, '0');
INSERT INTO `sys_menu` VALUES (63, '登录日志删除', 53, NULL, 1, 'F', NULL, '#', 'loginLog_del', NULL, '0', 1, '0', 'entfrm', '2020-03-19 11:50:34', NULL, NULL, NULL, '0');
INSERT INTO `sys_menu` VALUES (64, '登录日志查看', 53, NULL, 1, 'F', NULL, '#', 'loginLog_view', NULL, '0', 2, '0', 'entfrm', '2020-03-19 11:50:59', NULL, NULL, NULL, '0');
INSERT INTO `sys_menu` VALUES (65, '登录日志导出', 53, NULL, 1, 'F', NULL, '#', 'loginLog_export', NULL, '0', 3, '0', 'entfrm', '2020-03-19 11:52:05', NULL, NULL, NULL, '0');
INSERT INTO `sys_menu` VALUES (66, '操作日志删除', 54, NULL, 1, 'F', NULL, '#', 'operLog_del', NULL, '0', 1, '0', 'entfrm', '2020-03-19 11:52:25', NULL, NULL, NULL, '0');
INSERT INTO `sys_menu` VALUES (67, '操作日志查看', 54, NULL, 1, 'F', NULL, '#', 'operLog_view', NULL, '0', 2, '0', 'entfrm', '2020-03-19 11:52:45', NULL, NULL, NULL, '0');
INSERT INTO `sys_menu` VALUES (68, '操作日志导出', 54, NULL, 1, 'F', NULL, '#', 'operLog_export', NULL, '0', 3, '0', 'entfrm', '2020-03-19 11:53:09', NULL, NULL, NULL, '0');
INSERT INTO `sys_menu` VALUES (69, '备份新增', 46, NULL, 1, 'F', NULL, '#', 'backup_add', NULL, '0', 1, '0', 'entfrm', '2020-03-20 21:59:58', NULL, NULL, NULL, '0');
INSERT INTO `sys_menu` VALUES (70, '备份还原', 46, NULL, 1, 'F', NULL, '#', 'backup_restore', NULL, '0', 2, '0', 'entfrm', '2020-03-20 22:00:23', NULL, NULL, NULL, '0');
INSERT INTO `sys_menu` VALUES (71, '备份删除', 46, NULL, 1, 'F', NULL, '#', 'backup_del', NULL, '0', 3, '0', 'entfrm', '2020-03-20 22:00:41', NULL, NULL, NULL, '0');
INSERT INTO `sys_menu` VALUES (72, '备份查看', 46, NULL, 1, 'F', NULL, '#', 'backup_view', NULL, '0', 4, '0', 'entfrm', '2020-03-20 22:44:05', NULL, '2020-03-20 22:44:39', NULL, '0');
INSERT INTO `sys_menu` VALUES (73, '文件上传', 44, NULL, 1, 'F', NULL, '#', 'fileInfo_add', NULL, '0', 1, '0', 'entfrm', '2020-03-20 22:41:42', NULL, '2020-03-20 22:44:35', NULL, '0');
INSERT INTO `sys_menu` VALUES (74, '文件启用', 44, NULL, 1, 'F', NULL, '#', 'fileInfo_edit', NULL, '0', 2, '0', 'entfrm', '2020-03-20 22:42:07', 'entfrm', '2020-03-20 22:44:32', NULL, '0');
INSERT INTO `sys_menu` VALUES (75, '文件删除', 44, NULL, 1, 'F', NULL, '#', 'fileInfo_del', NULL, '0', 3, '0', 'entfrm', '2020-03-20 22:42:30', NULL, '2020-03-20 22:44:29', NULL, '0');
INSERT INTO `sys_menu` VALUES (76, '文件查看', 44, NULL, 1, 'F', NULL, '#', 'fileInfo_view', NULL, '0', 4, '0', 'entfrm', '2020-03-20 22:43:06', NULL, '2020-03-20 22:44:26', NULL, '0');
INSERT INTO `sys_menu` VALUES (77, '文件分享', 44, NULL, 1, 'F', NULL, '#', 'fileInfo_share', NULL, '0', 5, '0', 'entfrm', '2020-03-20 22:43:37', 'entfrm', '2020-03-20 22:44:23', NULL, '0');
INSERT INTO `sys_menu` VALUES (78, '数据库管理', 3, NULL, 2, 'C', 'datasource', 'toolkit/datasource/index', NULL, 'druid', '0', 1, '0', 'entfrm', '2020-03-21 11:05:47', 'entfrm', '2021-03-26 21:59:08', NULL, '0');
INSERT INTO `sys_menu` VALUES (79, '数据表管理', 3, NULL, 2, 'C', 'datatable', 'toolkit/datatable/index', NULL, 'table', '0', 2, '0', 'entfrm', '2020-03-21 11:07:23', 'entfrm', '2021-03-26 21:59:08', NULL, '0');
INSERT INTO `sys_menu` VALUES (81, '数据库新增', 78, NULL, 1, 'F', NULL, '#', 'datasource_add', NULL, '0', 1, '0', 'entfrm', '2020-03-21 11:27:26', NULL, NULL, NULL, '0');
INSERT INTO `sys_menu` VALUES (82, '数据库修改', 78, NULL, 1, 'F', NULL, '#', 'datasource_edit', NULL, '0', 2, '0', 'entfrm', '2020-03-21 11:27:46', NULL, NULL, NULL, '0');
INSERT INTO `sys_menu` VALUES (83, '数据库删除', 78, NULL, 1, 'F', NULL, '#', 'datasource_del', NULL, '0', 3, '0', 'entfrm', '2020-03-21 11:27:59', NULL, NULL, NULL, '0');
INSERT INTO `sys_menu` VALUES (84, '数据库查看', 78, NULL, 1, 'F', NULL, '#', 'datasource_view', NULL, '0', 4, '0', 'entfrm', '2020-03-21 11:28:11', NULL, NULL, NULL, '0');
INSERT INTO `sys_menu` VALUES (85, '模型管理', 58, NULL, 1, 'C', 'model', 'activiti/model/index', NULL, 'edit', '1', 1, '0', 'entfrm', '2020-03-24 12:48:54', NULL, NULL, NULL, '0');
INSERT INTO `sys_menu` VALUES (86, '模型新增', 85, NULL, 1, 'F', NULL, '#', 'model_add', NULL, '1', 1, '0', 'entfrm', '2020-03-24 12:52:47', NULL, NULL, NULL, '0');
INSERT INTO `sys_menu` VALUES (87, '模型删除', 85, NULL, 1, 'F', NULL, '#', 'model_del', NULL, '1', 2, '0', 'entfrm', '2020-03-24 12:53:43', NULL, NULL, NULL, '0');
INSERT INTO `sys_menu` VALUES (88, '模型查看', 85, NULL, 1, 'F', NULL, '#', 'model_view', NULL, '1', 3, '0', 'entfrm', '2020-03-24 12:53:56', NULL, NULL, NULL, '0');
INSERT INTO `sys_menu` VALUES (89, '模型部署', 85, NULL, 1, 'F', NULL, '#', 'model_deploy', NULL, '1', 4, '0', 'entfrm', '2020-03-24 12:54:19', NULL, NULL, NULL, '0');
INSERT INTO `sys_menu` VALUES (90, '表新增', 79, NULL, 1, 'F', NULL, '#', 'datatable_add', NULL, '0', 1, '0', 'entfrm', '2020-03-25 14:59:45', 'entfrm', '2020-03-25 15:00:14', NULL, '0');
INSERT INTO `sys_menu` VALUES (91, '表修改', 79, NULL, 1, 'F', NULL, '#', 'datatable_edit', NULL, '0', 2, '0', 'entfrm', '2020-03-25 15:00:31', NULL, NULL, NULL, '0');
INSERT INTO `sys_menu` VALUES (92, '表删除', 79, NULL, 1, 'F', NULL, '#', 'datatable_del', NULL, '0', 3, '0', 'entfrm', '2020-03-25 15:00:49', NULL, NULL, NULL, '0');
INSERT INTO `sys_menu` VALUES (93, '表查看', 79, NULL, 1, 'F', NULL, '#', 'datatable_view', NULL, '0', 4, '0', 'entfrm', '2020-03-25 15:01:06', NULL, NULL, NULL, '0');
INSERT INTO `sys_menu` VALUES (94, '表配置', 79, NULL, 1, 'F', NULL, '#', 'datatable_config', NULL, '0', 5, '0', 'entfrm', '2020-03-25 15:02:39', NULL, NULL, NULL, '0');
INSERT INTO `sys_menu` VALUES (95, '代码生成', 79, NULL, 1, 'F', NULL, '#', 'datatable_gen', NULL, '0', 6, '0', 'entfrm', '2020-03-25 15:03:06', NULL, NULL, NULL, '0');
INSERT INTO `sys_menu` VALUES (96, '任务新增', 48, NULL, 1, 'F', NULL, '#', 'job_add', NULL, '0', 1, '0', 'entfrm', '2020-03-26 15:34:44', NULL, NULL, NULL, '0');
INSERT INTO `sys_menu` VALUES (97, '任务编辑', 48, NULL, 1, 'F', NULL, '#', 'job_edit', NULL, '0', 2, '0', 'entfrm', '2020-03-26 15:34:59', NULL, NULL, NULL, '0');
INSERT INTO `sys_menu` VALUES (98, '任务删除', 48, NULL, 1, 'F', NULL, '#', 'job_del', NULL, '0', 3, '0', 'entfrm', '2020-03-26 15:35:17', NULL, NULL, NULL, '0');
INSERT INTO `sys_menu` VALUES (99, '任务查看', 48, NULL, 1, 'F', NULL, '#', 'job_view', NULL, '0', 4, '0', 'entfrm', '2020-03-26 15:35:32', NULL, NULL, NULL, '0');
INSERT INTO `sys_menu` VALUES (100, '任务暂定', 48, NULL, 1, 'F', NULL, '#', 'job_stop', NULL, '0', 5, '0', 'entfrm', '2020-03-26 15:37:16', NULL, NULL, NULL, '0');
INSERT INTO `sys_menu` VALUES (101, '任务启动', 48, NULL, 1, 'F', NULL, '#', 'job_start', NULL, '0', 6, '0', 'entfrm', '2020-03-26 15:37:35', NULL, NULL, NULL, '0');
INSERT INTO `sys_menu` VALUES (102, '任务重置', 48, NULL, 1, 'F', NULL, '#', 'job_refresh', NULL, '0', 7, '0', 'entfrm', '2020-03-26 15:37:56', NULL, NULL, NULL, '0');
INSERT INTO `sys_menu` VALUES (103, '任务日志查看', 48, NULL, 1, 'F', NULL, '#', 'jobLog_view', NULL, '0', 8, '0', 'entfrm', '2020-03-26 15:38:19', 'entfrm', '2020-03-26 15:38:35', NULL, '0');
INSERT INTO `sys_menu` VALUES (104, '任务日志删除', 48, NULL, 1, 'F', NULL, '#', 'jobLog_del', NULL, '0', 9, '0', 'entfrm', '2020-03-26 15:38:51', NULL, NULL, NULL, '0');
INSERT INTO `sys_menu` VALUES (105, '快捷方式新增', 43, NULL, 1, 'F', NULL, '#', 'shortcut_add', NULL, '0', 1, '0', 'entfrm', '2020-03-27 09:44:13', NULL, NULL, NULL, '0');
INSERT INTO `sys_menu` VALUES (106, '快捷方式修改', 43, NULL, 1, 'F', NULL, '#', 'shortcut_edit', NULL, '0', 2, '0', 'entfrm', '2020-03-27 09:44:36', NULL, NULL, NULL, '0');
INSERT INTO `sys_menu` VALUES (107, '快捷方式删除', 43, NULL, 1, 'F', NULL, '#', 'shortcut_del', NULL, '0', 3, '0', 'entfrm', '2020-03-27 09:44:57', NULL, NULL, NULL, '0');
INSERT INTO `sys_menu` VALUES (108, '快捷方式查看', 43, NULL, 1, 'F', NULL, '#', 'shortcut_view', NULL, '0', 4, '0', 'entfrm', '2020-03-27 09:45:16', NULL, NULL, NULL, '0');
INSERT INTO `sys_menu` VALUES (109, '数据源管理', 3, NULL, 2, 'C', 'dataset', 'toolkit/dataset/index', NULL, 'star', '1', 2, '0', 'entfrm', '2020-02-02 00:00:00', 'entfrm', '2021-03-26 22:17:28', '数据源菜单', '0');
INSERT INTO `sys_menu` VALUES (110, '数据源新增', 109, NULL, 1, 'F', NULL, '#', 'dataset_add', '#', '1', 1, '0', 'entfrm', '2020-02-02 00:00:00', 'entfrm', '2020-02-02 00:00:00', NULL, '0');
INSERT INTO `sys_menu` VALUES (111, '数据源修改', 109, NULL, 1, 'F', NULL, '#', 'dataset_edit', '#', '1', 2, '0', 'entfrm', '2020-02-02 00:00:00', 'entfrm', '2020-02-02 00:00:00', NULL, '0');
INSERT INTO `sys_menu` VALUES (112, '数据源删除', 109, NULL, 1, 'F', NULL, '#', 'dataset_del', '#', '1', 3, '0', 'entfrm', '2020-02-02 00:00:00', 'entfrm', '2020-02-02 00:00:00', NULL, '0');
INSERT INTO `sys_menu` VALUES (113, '数据源查询', 109, NULL, 1, 'F', NULL, '#', 'dataset_view', '#', '1', 4, '0', 'entfrm', '2020-02-02 00:00:00', 'entfrm', '2020-02-02 00:00:00', NULL, '0');
INSERT INTO `sys_menu` VALUES (114, '数据源导出', 109, NULL, 1, 'F', NULL, '#', 'dataset_export', '#', '1', 5, '0', 'entfrm', '2020-02-02 00:00:00', 'entfrm', '2020-02-02 00:00:00', NULL, '0');
INSERT INTO `sys_menu` VALUES (121, '流程定义', 58, NULL, 1, 'C', 'process', 'activiti/process/index', NULL, 'list', '0', 2, '0', 'entfrm', '2020-04-04 22:33:12', NULL, NULL, NULL, '0');
INSERT INTO `sys_menu` VALUES (122, '模型设计', 85, NULL, 1, 'F', NULL, '#', 'model_design', NULL, '0', 4, '0', 'entfrm', '2020-04-04 22:36:13', NULL, NULL, NULL, '0');
INSERT INTO `sys_menu` VALUES (123, '流程图', 121, NULL, 1, 'F', NULL, '#', 'process_img', NULL, '0', 1, '0', 'entfrm', '2020-04-04 22:49:07', NULL, NULL, NULL, '0');
INSERT INTO `sys_menu` VALUES (124, '流程状态改变', 121, NULL, 1, 'F', NULL, '#', 'process_change', NULL, '0', 2, '0', 'entfrm', '2020-04-04 22:49:46', NULL, '2020-04-05 00:40:17', NULL, '0');
INSERT INTO `sys_menu` VALUES (125, '流程删除', 121, NULL, 1, 'F', NULL, '#', 'process_del', NULL, '0', 3, '0', 'entfrm', '2020-04-04 22:50:05', NULL, NULL, NULL, '0');
INSERT INTO `sys_menu` VALUES (126, '流程查看', 121, NULL, 1, 'F', NULL, '#', 'process_view', NULL, '0', 4, '0', 'entfrm', '2020-04-04 22:50:30', 'entfrm', '2020-04-04 22:50:35', NULL, '0');
INSERT INTO `sys_menu` VALUES (127, '请假管理', 58, NULL, 1, 'C', 'leave', 'activiti/leave/index', NULL, 'tree-table', '0', 3, '0', 'entfrm', '2020-04-04 22:51:56', NULL, NULL, NULL, '0');
INSERT INTO `sys_menu` VALUES (128, '请假新增', 127, NULL, 1, 'F', NULL, '#', 'leave_add', NULL, '0', 1, '0', 'entfrm', '2020-04-04 22:52:44', NULL, NULL, NULL, '0');
INSERT INTO `sys_menu` VALUES (129, '请假修改', 127, NULL, 1, 'F', NULL, '#', 'leave_edit', NULL, '0', 2, '0', 'entfrm', '2020-04-04 22:53:01', NULL, NULL, NULL, '0');
INSERT INTO `sys_menu` VALUES (130, '请假删除', 127, NULL, 1, 'F', NULL, '#', 'leave_del', NULL, '0', 3, '0', 'entfrm', '2020-04-04 22:53:13', NULL, NULL, NULL, '0');
INSERT INTO `sys_menu` VALUES (131, '请假查看', 127, NULL, 1, 'F', NULL, '#', 'leave_view', NULL, '0', 4, '0', 'entfrm', '2020-04-04 22:53:26', NULL, NULL, NULL, '0');
INSERT INTO `sys_menu` VALUES (132, '请假导出', 127, NULL, 1, 'F', NULL, '#', 'leave_export', NULL, '0', 5, '0', 'entfrm', '2020-04-04 22:53:45', NULL, NULL, NULL, '0');
INSERT INTO `sys_menu` VALUES (133, '流程任务', 58, NULL, 1, 'C', 'task', 'activiti/task/index', NULL, 'checkbox', '0', 4, '0', 'entfrm', '2020-04-04 22:55:03', NULL, '2020-04-12 16:27:31', NULL, '0');
INSERT INTO `sys_menu` VALUES (134, '审批', 133, NULL, 1, 'F', NULL, '#', 'task_check', NULL, '0', 1, '0', 'entfrm', '2020-04-04 22:56:31', 'entfrm', '2020-04-12 16:27:33', NULL, '0');
INSERT INTO `sys_menu` VALUES (135, '批注', 133, NULL, 1, 'F', NULL, '#', 'task_comment', NULL, '0', 2, '0', 'entfrm', '2020-04-04 22:56:46', 'entfrm', '2020-04-12 16:19:54', NULL, '0');
INSERT INTO `sys_menu` VALUES (136, '流程追踪', 133, NULL, 1, 'F', NULL, '#', 'task_track', NULL, '0', 3, '0', 'entfrm', '2020-04-04 22:57:19', 'entfrm', '2020-04-05 13:04:51', NULL, '0');
INSERT INTO `sys_menu` VALUES (137, '任务查看', 133, NULL, 1, 'F', NULL, '#', 'task_view', NULL, '0', 4, '0', 'entfrm', '2020-04-04 22:57:19', 'entfrm', '2020-04-05 13:04:59', NULL, '0');
INSERT INTO `sys_menu` VALUES (138, '模板新增', 56, NULL, 1, 'F', NULL, '#', 'template_add', NULL, '1', 1, '0', 'entfrm', '2020-04-12 16:28:51', NULL, '2020-12-11 23:10:15', NULL, '1');
INSERT INTO `sys_menu` VALUES (139, '应用管理', 1, NULL, 1, 'C', 'application', 'system/application/index', NULL, 'tool', '1', 0, '0', 'entfrm', '2020-04-23 18:35:21', NULL, NULL, NULL, '0');
INSERT INTO `sys_menu` VALUES (140, '应用新增', 139, NULL, 1, 'F', NULL, '#', 'application_add', '#', '1', 1, '0', 'entfrm', '2020-02-02 00:00:00', 'entfrm', '2020-02-02 00:00:00', NULL, '0');
INSERT INTO `sys_menu` VALUES (141, '应用修改', 139, NULL, 1, 'F', NULL, '#', 'application_edit', '#', '1', 2, '0', 'entfrm', '2020-02-02 00:00:00', 'entfrm', '2020-02-02 00:00:00', NULL, '0');
INSERT INTO `sys_menu` VALUES (142, '应用删除', 139, NULL, 1, 'F', NULL, '#', 'application_del', '#', '1', 3, '0', 'entfrm', '2020-02-02 00:00:00', 'entfrm', '2020-02-02 00:00:00', NULL, '0');
INSERT INTO `sys_menu` VALUES (143, '应用查询', 139, NULL, 1, 'F', NULL, '#', 'application_view', '#', '1', 4, '0', 'entfrm', '2020-02-02 00:00:00', 'entfrm', '2020-02-02 00:00:00', NULL, '0');
INSERT INTO `sys_menu` VALUES (144, '应用导出', 139, NULL, 1, 'F', NULL, '#', 'application_export', '#', '1', 5, '0', 'entfrm', '2020-02-02 00:00:00', 'entfrm', '2020-02-02 00:00:00', NULL, '0');
INSERT INTO `sys_menu` VALUES (145, 'redis监控', 2, NULL, 1, 'C', 'redis', 'monitor/redis/index', NULL, 'component', '1', 5, '0', 'entfrm', '2020-04-24 22:26:31', 'entfrm', '2020-05-17 16:49:59', NULL, '0');
INSERT INTO `sys_menu` VALUES (146, '接口构建', 3, NULL, 2, 'C', 'apiinfo', 'toolkit/apiinfo/index', NULL, 'star', '1', 5, '0', 'entfrm', '2020-02-02 00:00:00', 'entfrm', '2021-03-26 21:59:08', '接口菜单', '0');
INSERT INTO `sys_menu` VALUES (147, '接口新增', 146, NULL, 1, 'F', NULL, '#', 'apiinfo_add', '#', '1', 1, '0', 'entfrm', '2020-02-02 00:00:00', 'entfrm', '2020-02-02 00:00:00', NULL, '0');
INSERT INTO `sys_menu` VALUES (148, '接口修改', 146, NULL, 1, 'F', NULL, '#', 'apiinfo_edit', '#', '1', 2, '0', 'entfrm', '2020-02-02 00:00:00', 'entfrm', '2020-02-02 00:00:00', NULL, '0');
INSERT INTO `sys_menu` VALUES (149, '接口删除', 146, NULL, 1, 'F', NULL, '#', 'apiinfo_del', '#', '1', 3, '0', 'entfrm', '2020-02-02 00:00:00', 'entfrm', '2020-02-02 00:00:00', NULL, '0');
INSERT INTO `sys_menu` VALUES (150, '接口查询', 146, NULL, 1, 'F', NULL, '#', 'apiinfo_view', '#', '1', 4, '0', 'entfrm', '2020-02-02 00:00:00', 'entfrm', '2020-02-02 00:00:00', NULL, '0');
INSERT INTO `sys_menu` VALUES (151, '接口导出', 146, NULL, 1, 'F', NULL, '#', 'apiinfo_export', '#', '1', 5, '0', 'entfrm', '2020-02-02 00:00:00', 'entfrm', '2020-02-02 00:00:00', NULL, '0');
INSERT INTO `sys_menu` VALUES (159, '令牌删除', 47, NULL, 1, 'F', NULL, '#', 'token_del', NULL, '1', 1, '0', 'entfrm', '2020-04-21 12:28:59', NULL, NULL, NULL, '0');
INSERT INTO `sys_menu` VALUES (160, '令牌查看', 47, NULL, 1, 'F', NULL, '#', 'token_view', NULL, '1', 2, '0', 'entfrm', '2020-04-21 12:29:19', NULL, NULL, NULL, '0');
INSERT INTO `sys_menu` VALUES (229, '表单管理', 3, NULL, 1, 'C', 'form', 'toolkit/form/index', '', 'build', '1', 3, '0', 'entfrm', '2020-02-02 00:00:00', 'entfrm', '2021-03-27 09:12:41', '表单管理菜单', '0');
INSERT INTO `sys_menu` VALUES (230, '表单管理新增', 229, NULL, 1, 'F', '', '#', 'form_add', '#', '1', 1, '0', 'entfrm', '2020-02-02 00:00:00', 'entfrm', '2020-02-02 00:00:00', '', '0');
INSERT INTO `sys_menu` VALUES (231, '表单管理修改', 229, NULL, 1, 'F', '', '#', 'form_edit', '#', '1', 2, '0', 'entfrm', '2020-02-02 00:00:00', 'entfrm', '2020-02-02 00:00:00', '', '0');
INSERT INTO `sys_menu` VALUES (232, '表单管理删除', 229, NULL, 1, 'F', '', '#', 'form_del', '#', '1', 3, '0', 'entfrm', '2020-02-02 00:00:00', 'entfrm', '2020-02-02 00:00:00', '', '0');
INSERT INTO `sys_menu` VALUES (233, '表单管理查询', 229, NULL, 1, 'F', '', '#', 'form_view', '#', '1', 4, '0', 'entfrm', '2020-02-02 00:00:00', 'entfrm', '2020-02-02 00:00:00', '', '0');
INSERT INTO `sys_menu` VALUES (234, '表单管理导出', 229, NULL, 1, 'F', '', '#', 'form_export', '#', '1', 5, '0', 'entfrm', '2020-02-02 00:00:00', 'entfrm', '2020-02-02 00:00:00', '', '0');
INSERT INTO `sys_menu` VALUES (235, '表单设计', 229, NULL, 2, 'F', NULL, '#', 'form_design', NULL, '1', 6, '0', 'entfrm', '2021-03-26 23:33:55', NULL, NULL, NULL, '0');
INSERT INTO `sys_menu` VALUES (236, '智能化配置', 0, NULL, 2, 'M', 'intelligent', '#', NULL, 'intelligent', '1', 40, '0', 'entfrm', '2021-03-30 04:58:39', 'entfrm', '2021-03-30 04:58:52', NULL, '0');
INSERT INTO `sys_menu` VALUES (237, '控件大管家', 236, NULL, 2, 'C', 'steward', 'intelligent/controlSteward/index', NULL, 'controls', '1', 1, '0', 'entfrm', '2021-03-30 05:07:43', 'entfrm', '2021-03-30 05:08:12', NULL, '0');
INSERT INTO `sys_menu` VALUES (238, '表单扩展模板', 236, NULL, 2, 'C', 'formExtend', 'intelligent/formExtend/index', NULL, 'template', '1', 2, '0', 'entfrm', '2021-03-30 05:09:20', NULL, NULL, NULL, '0');
INSERT INTO `sys_menu` VALUES (239, '表单扩展模板查看', 238, NULL, 2, 'F', NULL, '#', 'form_extend_view', NULL, '1', 1, '0', 'entfrm', '2021-03-30 05:10:24', 'entfrm', '2021-03-30 05:11:19', NULL, '0');
INSERT INTO `sys_menu` VALUES (240, '表单扩展模板新增', 238, NULL, 1, 'F', NULL, '#', 'form_extend_add', NULL, '1', 2, '0', 'entfrm', '2021-03-30 05:11:07', NULL, NULL, NULL, '0');
INSERT INTO `sys_menu` VALUES (241, '表单扩展模板编辑', 238, NULL, 2, 'F', '表单扩展模板编辑', '#', 'form_extend_edit', NULL, '1', 3, '0', 'entfrm', '2021-03-30 05:11:58', NULL, NULL, NULL, '0');
INSERT INTO `sys_menu` VALUES (242, '表单扩展模板删除', 238, NULL, 2, 'F', NULL, '#', 'form_extend_del', NULL, '1', 4, '0', 'entfrm', '2021-03-30 05:12:18', NULL, NULL, NULL, '0');
INSERT INTO `sys_menu` VALUES (243, '表单集成案例', 236, NULL, 1, 'C', 'demoUser', 'intelligent/demoUser/index', NULL, 'demo', '1', 3, '0', 'entfrm', '2021-03-30 05:13:37', NULL, NULL, NULL, '0');
INSERT INTO `sys_menu` VALUES (244, '设计模板', 238, NULL, 2, 'F', NULL, '#', 'form_extend_design', NULL, '1', 5, '0', 'entfrm', '2021-03-30 05:21:32', NULL, NULL, NULL, '0');
INSERT INTO `sys_menu` VALUES (245, '我发起流程', 58, NULL, 2, 'C', 'iInitiatedProcess', 'activiti/iInitiatedProcess/index', NULL, 'initiate', '1', 0, '0', '小狗', '2021-04-14 19:28:25', '小狗', '2021-04-14 19:28:54', NULL, '0');
INSERT INTO `sys_menu` VALUES (246, '表单引擎', 58, NULL, 2, 'C', 'formActivitiEngine', 'activiti/formActivitiEngine/index', NULL, 'form', '1', 0, '0', '小狗', '2021-04-19 23:26:38', '小狗', '2021-04-19 23:26:59', NULL, '0');

-- ----------------------------
-- Table structure for sys_oper_log
-- ----------------------------
DROP TABLE IF EXISTS `sys_oper_log`;
CREATE TABLE `sys_oper_log`  (
  `id` int(11) NOT NULL AUTO_INCREMENT COMMENT '日志编号',
  `type` varchar(10) CHARACTER SET utf8 COLLATE utf8_general_ci NULL DEFAULT '1' COMMENT '日志类型',
  `title` varchar(255) CHARACTER SET utf8 COLLATE utf8_general_ci NULL DEFAULT '' COMMENT '日志标题',
  `method` varchar(100) CHARACTER SET utf8mb4 COLLATE utf8mb4_general_ci NULL DEFAULT '' COMMENT '方法名称',
  `user_agent` text CHARACTER SET utf8 COLLATE utf8_general_ci NULL COMMENT '用户代理',
  `oper_name` varchar(50) CHARACTER SET utf8mb4 COLLATE utf8mb4_general_ci NULL DEFAULT '' COMMENT '操作人员',
  `client_id` varchar(50) CHARACTER SET utf8mb4 COLLATE utf8mb4_general_ci NULL DEFAULT '' COMMENT '终端',
  `oper_url` varchar(255) CHARACTER SET utf8mb4 COLLATE utf8mb4_general_ci NULL DEFAULT '' COMMENT '请求URL',
  `oper_ip` varchar(50) CHARACTER SET utf8mb4 COLLATE utf8mb4_general_ci NULL DEFAULT '' COMMENT '主机地址',
  `oper_addr` varchar(255) CHARACTER SET utf8mb4 COLLATE utf8mb4_general_ci NULL DEFAULT '' COMMENT '操作地点',
  `oper_param` text CHARACTER SET utf8mb4 COLLATE utf8mb4_general_ci NULL COMMENT '请求参数',
  `status` int(1) NULL DEFAULT 0 COMMENT '操作状态（0正常 1异常）',
  `error_msg` text CHARACTER SET utf8mb4 COLLATE utf8mb4_general_ci NULL COMMENT '错误消息',
  `execute_time` varchar(20) CHARACTER SET utf8mb4 COLLATE utf8mb4_general_ci NULL DEFAULT NULL COMMENT '执行时间',
  `oper_time` datetime(0) NULL DEFAULT NULL COMMENT '操作时间',
  PRIMARY KEY (`id`) USING BTREE
) ENGINE = InnoDB AUTO_INCREMENT = 1808 CHARACTER SET = utf8 COLLATE = utf8_general_ci ROW_FORMAT = DYNAMIC;

-- ----------------------------
-- Records of sys_oper_log
-- ----------------------------
INSERT INTO `sys_oper_log` VALUES (1806, '1', '菜单修改', 'PUT', 'Mozilla/5.0 (Windows NT 10.0; Win64; x64) AppleWebKit/537.36 (KHTML, like Gecko) Chrome/90.0.4430.85 Safari/537.36', 'entfrm', 'entfrm', '/system/menu/update', '127.0.0.1', 'XX XX', '', 0, '', '0', '2021-04-23 18:09:06');
INSERT INTO `sys_oper_log` VALUES (1807, '1', '角色修改', 'PUT', 'Mozilla/5.0 (Windows NT 10.0; Win64; x64) AppleWebKit/537.36 (KHTML, like Gecko) Chrome/90.0.4430.85 Safari/537.36', 'entfrm', 'entfrm', '/system/role/update', '127.0.0.1', 'XX XX', '', 0, '', '144', '2021-04-23 18:10:51');

-- ----------------------------
-- Table structure for sys_role
-- ----------------------------
DROP TABLE IF EXISTS `sys_role`;
CREATE TABLE `sys_role`  (
  `id` int(11) NOT NULL AUTO_INCREMENT,
  `name` varchar(60) CHARACTER SET utf8mb4 COLLATE utf8mb4_bin NOT NULL COMMENT '角色名称',
  `code` varchar(60) CHARACTER SET utf8mb4 COLLATE utf8mb4_bin NOT NULL COMMENT '角色代码',
  `applications` varchar(255) CHARACTER SET utf8mb4 COLLATE utf8mb4_general_ci NULL DEFAULT NULL COMMENT '所属应用',
  `data_scope` char(1) CHARACTER SET utf8mb4 COLLATE utf8mb4_bin NOT NULL DEFAULT '2' COMMENT '数据权限范围',
  `sort` int(11) NULL DEFAULT NULL COMMENT '排序',
  `status` char(1) CHARACTER SET utf8mb4 COLLATE utf8mb4_general_ci NULL DEFAULT '0' COMMENT '状态',
  `create_by` varchar(30) CHARACTER SET utf8 COLLATE utf8_general_ci NULL DEFAULT NULL COMMENT '创建人',
  `create_time` datetime(0) NULL DEFAULT NULL COMMENT '创建时间',
  `update_by` varchar(30) CHARACTER SET utf8 COLLATE utf8_general_ci NULL DEFAULT NULL COMMENT '修改人',
  `update_time` datetime(0) NULL DEFAULT NULL ON UPDATE CURRENT_TIMESTAMP(0) COMMENT '修改时间',
  `remarks` varchar(255) CHARACTER SET utf8mb4 COLLATE utf8mb4_bin NULL DEFAULT NULL COMMENT '备注',
  `del_flag` char(1) CHARACTER SET utf8mb4 COLLATE utf8mb4_bin NULL DEFAULT '0' COMMENT '删除标识（0-正常,1-删除）',
  PRIMARY KEY (`id`) USING BTREE
) ENGINE = InnoDB AUTO_INCREMENT = 3 CHARACTER SET = utf8mb4 COLLATE = utf8mb4_general_ci ROW_FORMAT = DYNAMIC;

-- ----------------------------
-- Records of sys_role
-- ----------------------------
INSERT INTO `sys_role` VALUES (1, '管理员', 'admin', 'app1', '1', 1, '0', 'entfrm', '2020-03-13 20:54:34', 'entfrm', '2020-08-02 21:44:58', NULL, '0');
INSERT INTO `sys_role` VALUES (2, '测试角色', 'test', 'app1', '2', 1, '0', 'entfrm', '2020-03-14 18:15:51', 'entfrm', '2020-08-02 21:44:57', NULL, '0');

-- ----------------------------
-- Table structure for sys_role_dept
-- ----------------------------
DROP TABLE IF EXISTS `sys_role_dept`;
CREATE TABLE `sys_role_dept`  (
  `role_id` int(11) NOT NULL COMMENT '角色ID',
  `dept_id` int(11) NOT NULL COMMENT '部门ID'
) ENGINE = InnoDB CHARACTER SET = utf8mb4 COLLATE = utf8mb4_general_ci ROW_FORMAT = DYNAMIC;

-- ----------------------------
-- Records of sys_role_dept
-- ----------------------------
INSERT INTO `sys_role_dept` VALUES (2, 2);

-- ----------------------------
-- Table structure for sys_role_menu
-- ----------------------------
DROP TABLE IF EXISTS `sys_role_menu`;
CREATE TABLE `sys_role_menu`  (
  `role_id` int(11) NULL DEFAULT NULL,
  `menu_id` int(11) NULL DEFAULT NULL
) ENGINE = InnoDB CHARACTER SET = utf8mb4 COLLATE = utf8mb4_general_ci ROW_FORMAT = DYNAMIC;

-- ----------------------------
-- Records of sys_role_menu
-- ----------------------------
INSERT INTO `sys_role_menu` VALUES (2, 11);
INSERT INTO `sys_role_menu` VALUES (2, 16);
INSERT INTO `sys_role_menu` VALUES (2, 7);
INSERT INTO `sys_role_menu` VALUES (2, 25);
INSERT INTO `sys_role_menu` VALUES (2, 26);
INSERT INTO `sys_role_menu` VALUES (2, 27);
INSERT INTO `sys_role_menu` VALUES (2, 28);
INSERT INTO `sys_role_menu` VALUES (2, 33);
INSERT INTO `sys_role_menu` VALUES (2, 78);
INSERT INTO `sys_role_menu` VALUES (2, 81);
INSERT INTO `sys_role_menu` VALUES (2, 82);
INSERT INTO `sys_role_menu` VALUES (2, 83);
INSERT INTO `sys_role_menu` VALUES (2, 84);
INSERT INTO `sys_role_menu` VALUES (2, 79);
INSERT INTO `sys_role_menu` VALUES (2, 90);
INSERT INTO `sys_role_menu` VALUES (2, 91);
INSERT INTO `sys_role_menu` VALUES (2, 92);
INSERT INTO `sys_role_menu` VALUES (2, 93);
INSERT INTO `sys_role_menu` VALUES (2, 94);
INSERT INTO `sys_role_menu` VALUES (2, 95);
INSERT INTO `sys_role_menu` VALUES (2, 109);
INSERT INTO `sys_role_menu` VALUES (2, 110);
INSERT INTO `sys_role_menu` VALUES (2, 111);
INSERT INTO `sys_role_menu` VALUES (2, 112);
INSERT INTO `sys_role_menu` VALUES (2, 113);
INSERT INTO `sys_role_menu` VALUES (2, 114);
INSERT INTO `sys_role_menu` VALUES (2, 55);
INSERT INTO `sys_role_menu` VALUES (2, 57);
INSERT INTO `sys_role_menu` VALUES (2, 1);
INSERT INTO `sys_role_menu` VALUES (2, 4);
INSERT INTO `sys_role_menu` VALUES (2, 5);
INSERT INTO `sys_role_menu` VALUES (2, 29);
INSERT INTO `sys_role_menu` VALUES (2, 3);
INSERT INTO `sys_role_menu` VALUES (3, 109);
INSERT INTO `sys_role_menu` VALUES (3, 110);
INSERT INTO `sys_role_menu` VALUES (3, 111);
INSERT INTO `sys_role_menu` VALUES (3, 112);
INSERT INTO `sys_role_menu` VALUES (3, 113);
INSERT INTO `sys_role_menu` VALUES (3, 114);
INSERT INTO `sys_role_menu` VALUES (3, 3);
INSERT INTO `sys_role_menu` VALUES (1, 58);
INSERT INTO `sys_role_menu` VALUES (1, 245);
INSERT INTO `sys_role_menu` VALUES (1, 246);
INSERT INTO `sys_role_menu` VALUES (1, 85);
INSERT INTO `sys_role_menu` VALUES (1, 86);
INSERT INTO `sys_role_menu` VALUES (1, 87);
INSERT INTO `sys_role_menu` VALUES (1, 88);
INSERT INTO `sys_role_menu` VALUES (1, 89);
INSERT INTO `sys_role_menu` VALUES (1, 122);
INSERT INTO `sys_role_menu` VALUES (1, 121);
INSERT INTO `sys_role_menu` VALUES (1, 123);
INSERT INTO `sys_role_menu` VALUES (1, 124);
INSERT INTO `sys_role_menu` VALUES (1, 125);
INSERT INTO `sys_role_menu` VALUES (1, 126);
INSERT INTO `sys_role_menu` VALUES (1, 127);
INSERT INTO `sys_role_menu` VALUES (1, 128);
INSERT INTO `sys_role_menu` VALUES (1, 129);
INSERT INTO `sys_role_menu` VALUES (1, 130);
INSERT INTO `sys_role_menu` VALUES (1, 131);
INSERT INTO `sys_role_menu` VALUES (1, 132);
INSERT INTO `sys_role_menu` VALUES (1, 133);
INSERT INTO `sys_role_menu` VALUES (1, 134);
INSERT INTO `sys_role_menu` VALUES (1, 135);
INSERT INTO `sys_role_menu` VALUES (1, 136);
INSERT INTO `sys_role_menu` VALUES (1, 137);
INSERT INTO `sys_role_menu` VALUES (1, 1);
INSERT INTO `sys_role_menu` VALUES (1, 139);
INSERT INTO `sys_role_menu` VALUES (1, 140);
INSERT INTO `sys_role_menu` VALUES (1, 141);
INSERT INTO `sys_role_menu` VALUES (1, 142);
INSERT INTO `sys_role_menu` VALUES (1, 143);
INSERT INTO `sys_role_menu` VALUES (1, 144);
INSERT INTO `sys_role_menu` VALUES (1, 4);
INSERT INTO `sys_role_menu` VALUES (1, 8);
INSERT INTO `sys_role_menu` VALUES (1, 9);
INSERT INTO `sys_role_menu` VALUES (1, 10);
INSERT INTO `sys_role_menu` VALUES (1, 11);
INSERT INTO `sys_role_menu` VALUES (1, 12);
INSERT INTO `sys_role_menu` VALUES (1, 5);
INSERT INTO `sys_role_menu` VALUES (1, 13);
INSERT INTO `sys_role_menu` VALUES (1, 14);
INSERT INTO `sys_role_menu` VALUES (1, 15);
INSERT INTO `sys_role_menu` VALUES (1, 16);
INSERT INTO `sys_role_menu` VALUES (1, 17);
INSERT INTO `sys_role_menu` VALUES (1, 6);
INSERT INTO `sys_role_menu` VALUES (1, 18);
INSERT INTO `sys_role_menu` VALUES (1, 19);
INSERT INTO `sys_role_menu` VALUES (1, 20);
INSERT INTO `sys_role_menu` VALUES (1, 21);
INSERT INTO `sys_role_menu` VALUES (1, 22);
INSERT INTO `sys_role_menu` VALUES (1, 23);
INSERT INTO `sys_role_menu` VALUES (1, 24);
INSERT INTO `sys_role_menu` VALUES (1, 7);
INSERT INTO `sys_role_menu` VALUES (1, 25);
INSERT INTO `sys_role_menu` VALUES (1, 26);
INSERT INTO `sys_role_menu` VALUES (1, 27);
INSERT INTO `sys_role_menu` VALUES (1, 28);
INSERT INTO `sys_role_menu` VALUES (1, 29);
INSERT INTO `sys_role_menu` VALUES (1, 30);
INSERT INTO `sys_role_menu` VALUES (1, 31);
INSERT INTO `sys_role_menu` VALUES (1, 32);
INSERT INTO `sys_role_menu` VALUES (1, 33);
INSERT INTO `sys_role_menu` VALUES (1, 34);
INSERT INTO `sys_role_menu` VALUES (1, 35);
INSERT INTO `sys_role_menu` VALUES (1, 36);
INSERT INTO `sys_role_menu` VALUES (1, 37);
INSERT INTO `sys_role_menu` VALUES (1, 38);
INSERT INTO `sys_role_menu` VALUES (1, 39);
INSERT INTO `sys_role_menu` VALUES (1, 40);
INSERT INTO `sys_role_menu` VALUES (1, 41);
INSERT INTO `sys_role_menu` VALUES (1, 42);
INSERT INTO `sys_role_menu` VALUES (1, 43);
INSERT INTO `sys_role_menu` VALUES (1, 105);
INSERT INTO `sys_role_menu` VALUES (1, 106);
INSERT INTO `sys_role_menu` VALUES (1, 107);
INSERT INTO `sys_role_menu` VALUES (1, 108);
INSERT INTO `sys_role_menu` VALUES (1, 44);
INSERT INTO `sys_role_menu` VALUES (1, 73);
INSERT INTO `sys_role_menu` VALUES (1, 74);
INSERT INTO `sys_role_menu` VALUES (1, 75);
INSERT INTO `sys_role_menu` VALUES (1, 76);
INSERT INTO `sys_role_menu` VALUES (1, 77);
INSERT INTO `sys_role_menu` VALUES (1, 45);
INSERT INTO `sys_role_menu` VALUES (1, 59);
INSERT INTO `sys_role_menu` VALUES (1, 60);
INSERT INTO `sys_role_menu` VALUES (1, 61);
INSERT INTO `sys_role_menu` VALUES (1, 62);
INSERT INTO `sys_role_menu` VALUES (1, 46);
INSERT INTO `sys_role_menu` VALUES (1, 69);
INSERT INTO `sys_role_menu` VALUES (1, 70);
INSERT INTO `sys_role_menu` VALUES (1, 71);
INSERT INTO `sys_role_menu` VALUES (1, 72);
INSERT INTO `sys_role_menu` VALUES (1, 2);
INSERT INTO `sys_role_menu` VALUES (1, 47);
INSERT INTO `sys_role_menu` VALUES (1, 159);
INSERT INTO `sys_role_menu` VALUES (1, 160);
INSERT INTO `sys_role_menu` VALUES (1, 48);
INSERT INTO `sys_role_menu` VALUES (1, 96);
INSERT INTO `sys_role_menu` VALUES (1, 97);
INSERT INTO `sys_role_menu` VALUES (1, 98);
INSERT INTO `sys_role_menu` VALUES (1, 99);
INSERT INTO `sys_role_menu` VALUES (1, 100);
INSERT INTO `sys_role_menu` VALUES (1, 101);
INSERT INTO `sys_role_menu` VALUES (1, 102);
INSERT INTO `sys_role_menu` VALUES (1, 103);
INSERT INTO `sys_role_menu` VALUES (1, 104);
INSERT INTO `sys_role_menu` VALUES (1, 49);
INSERT INTO `sys_role_menu` VALUES (1, 50);
INSERT INTO `sys_role_menu` VALUES (1, 145);
INSERT INTO `sys_role_menu` VALUES (1, 51);
INSERT INTO `sys_role_menu` VALUES (1, 52);
INSERT INTO `sys_role_menu` VALUES (1, 53);
INSERT INTO `sys_role_menu` VALUES (1, 63);
INSERT INTO `sys_role_menu` VALUES (1, 64);
INSERT INTO `sys_role_menu` VALUES (1, 65);
INSERT INTO `sys_role_menu` VALUES (1, 54);
INSERT INTO `sys_role_menu` VALUES (1, 66);
INSERT INTO `sys_role_menu` VALUES (1, 67);
INSERT INTO `sys_role_menu` VALUES (1, 68);
INSERT INTO `sys_role_menu` VALUES (1, 3);
INSERT INTO `sys_role_menu` VALUES (1, 78);
INSERT INTO `sys_role_menu` VALUES (1, 81);
INSERT INTO `sys_role_menu` VALUES (1, 82);
INSERT INTO `sys_role_menu` VALUES (1, 83);
INSERT INTO `sys_role_menu` VALUES (1, 84);
INSERT INTO `sys_role_menu` VALUES (1, 79);
INSERT INTO `sys_role_menu` VALUES (1, 90);
INSERT INTO `sys_role_menu` VALUES (1, 91);
INSERT INTO `sys_role_menu` VALUES (1, 92);
INSERT INTO `sys_role_menu` VALUES (1, 93);
INSERT INTO `sys_role_menu` VALUES (1, 94);
INSERT INTO `sys_role_menu` VALUES (1, 95);
INSERT INTO `sys_role_menu` VALUES (1, 109);
INSERT INTO `sys_role_menu` VALUES (1, 110);
INSERT INTO `sys_role_menu` VALUES (1, 111);
INSERT INTO `sys_role_menu` VALUES (1, 112);
INSERT INTO `sys_role_menu` VALUES (1, 113);
INSERT INTO `sys_role_menu` VALUES (1, 114);
INSERT INTO `sys_role_menu` VALUES (1, 229);
INSERT INTO `sys_role_menu` VALUES (1, 230);
INSERT INTO `sys_role_menu` VALUES (1, 231);
INSERT INTO `sys_role_menu` VALUES (1, 232);
INSERT INTO `sys_role_menu` VALUES (1, 233);
INSERT INTO `sys_role_menu` VALUES (1, 234);
INSERT INTO `sys_role_menu` VALUES (1, 235);
INSERT INTO `sys_role_menu` VALUES (1, 55);
INSERT INTO `sys_role_menu` VALUES (1, 146);
INSERT INTO `sys_role_menu` VALUES (1, 147);
INSERT INTO `sys_role_menu` VALUES (1, 148);
INSERT INTO `sys_role_menu` VALUES (1, 149);
INSERT INTO `sys_role_menu` VALUES (1, 150);
INSERT INTO `sys_role_menu` VALUES (1, 151);
INSERT INTO `sys_role_menu` VALUES (1, 236);
INSERT INTO `sys_role_menu` VALUES (1, 237);
INSERT INTO `sys_role_menu` VALUES (1, 238);
INSERT INTO `sys_role_menu` VALUES (1, 239);
INSERT INTO `sys_role_menu` VALUES (1, 240);
INSERT INTO `sys_role_menu` VALUES (1, 241);
INSERT INTO `sys_role_menu` VALUES (1, 242);
INSERT INTO `sys_role_menu` VALUES (1, 244);
INSERT INTO `sys_role_menu` VALUES (1, 243);

-- ----------------------------
-- Table structure for sys_shortcut
-- ----------------------------
DROP TABLE IF EXISTS `sys_shortcut`;
CREATE TABLE `sys_shortcut`  (
  `id` int(11) NOT NULL AUTO_INCREMENT,
  `name` varchar(30) CHARACTER SET utf8 COLLATE utf8_general_ci NULL DEFAULT NULL COMMENT '名称',
  `region` varchar(20) CHARACTER SET utf8 COLLATE utf8_general_ci NULL DEFAULT NULL COMMENT '区域',
  `icon` varchar(255) CHARACTER SET utf8 COLLATE utf8_general_ci NULL DEFAULT NULL COMMENT '图标',
  `bg_color` varchar(10) CHARACTER SET utf8 COLLATE utf8_general_ci NULL DEFAULT '#409EFF' COMMENT '背景颜色',
  `path` varchar(120) CHARACTER SET utf8 COLLATE utf8_general_ci NULL DEFAULT NULL COMMENT '路径',
  `sort` int(11) NULL DEFAULT NULL COMMENT '顺序',
  `create_by` varchar(64) CHARACTER SET utf8mb4 COLLATE utf8mb4_general_ci NULL DEFAULT '' COMMENT '创建者',
  `create_time` datetime(0) NULL DEFAULT NULL COMMENT '创建时间',
  `update_by` varchar(64) CHARACTER SET utf8mb4 COLLATE utf8mb4_general_ci NULL DEFAULT '' COMMENT '更新者',
  `update_time` datetime(0) NULL DEFAULT NULL COMMENT '更新时间',
  `remarks` varchar(500) CHARACTER SET utf8mb4 COLLATE utf8mb4_general_ci NULL DEFAULT NULL COMMENT '备注',
  `del_flag` char(1) CHARACTER SET utf8mb4 COLLATE utf8mb4_bin NULL DEFAULT '0' COMMENT '0-正常，1-删除',
  PRIMARY KEY (`id`) USING BTREE
) ENGINE = InnoDB AUTO_INCREMENT = 3 CHARACTER SET = utf8 COLLATE = utf8_general_ci ROW_FORMAT = DYNAMIC;

-- ----------------------------
-- Records of sys_shortcut
-- ----------------------------
INSERT INTO `sys_shortcut` VALUES (1, '登录日志', '2', 'form', '#2883CD', 'monitor/log/loginLog', 1, 'entfrm', '2020-03-27 10:09:11', '', '2020-03-27 10:12:39', '1', '0');
INSERT INTO `sys_shortcut` VALUES (2, '内容管理', '2', 'edit', '#EB7024', '/cms/article', 2, 'entfrm', '2020-04-15 22:44:58', '', '2020-06-02 08:59:06', NULL, '0');

-- ----------------------------
-- Table structure for sys_user
-- ----------------------------
DROP TABLE IF EXISTS `sys_user`;
CREATE TABLE `sys_user`  (
  `id` int(11) NOT NULL AUTO_INCREMENT COMMENT '用户ID',
  `user_name` varchar(30) CHARACTER SET utf8mb4 COLLATE utf8mb4_general_ci NULL DEFAULT NULL COMMENT '用户账号',
  `nick_name` varchar(30) CHARACTER SET utf8mb4 COLLATE utf8mb4_general_ci NULL DEFAULT NULL COMMENT '用户昵称',
  `type` varchar(2) CHARACTER SET utf8mb4 COLLATE utf8mb4_general_ci NULL DEFAULT '00' COMMENT '用户类型（00系统用户）',
  `password` varchar(100) CHARACTER SET utf8mb4 COLLATE utf8mb4_general_ci NULL DEFAULT '' COMMENT '密码',
  `dept_id` int(11) NULL DEFAULT NULL COMMENT '机构ID',
  `dept_name` varchar(120) CHARACTER SET utf8mb4 COLLATE utf8mb4_general_ci NULL DEFAULT NULL COMMENT '机构名称',
  `email` varchar(50) CHARACTER SET utf8mb4 COLLATE utf8mb4_general_ci NULL DEFAULT '' COMMENT '用户邮箱',
  `qq` varchar(30) CHARACTER SET utf8mb4 COLLATE utf8mb4_general_ci NULL DEFAULT NULL COMMENT 'QQ',
  `phone` varchar(11) CHARACTER SET utf8mb4 COLLATE utf8mb4_general_ci NULL DEFAULT '' COMMENT '手机号码',
  `sex` char(1) CHARACTER SET utf8mb4 COLLATE utf8mb4_general_ci NULL DEFAULT '0' COMMENT '用户性别（0男 1女 2未知）',
  `avatar` varchar(100) CHARACTER SET utf8mb4 COLLATE utf8mb4_general_ci NULL DEFAULT '' COMMENT '头像地址',
  `status` char(1) CHARACTER SET utf8mb4 COLLATE utf8mb4_general_ci NULL DEFAULT '0' COMMENT '帐号状态（0正常 1停用）',
  `login_ip` varchar(50) CHARACTER SET utf8mb4 COLLATE utf8mb4_general_ci NULL DEFAULT '' COMMENT '最后登陆IP',
  `login_time` datetime(0) NULL DEFAULT NULL COMMENT '最后登陆时间',
  `create_by` varchar(64) CHARACTER SET utf8mb4 COLLATE utf8mb4_general_ci NULL DEFAULT '' COMMENT '创建者',
  `create_time` datetime(0) NULL DEFAULT NULL COMMENT '创建时间',
  `update_by` varchar(64) CHARACTER SET utf8mb4 COLLATE utf8mb4_general_ci NULL DEFAULT '' COMMENT '更新者',
  `update_time` datetime(0) NULL DEFAULT NULL COMMENT '更新时间',
  `remarks` varchar(500) CHARACTER SET utf8mb4 COLLATE utf8mb4_general_ci NULL DEFAULT NULL COMMENT '备注',
  `del_flag` char(1) CHARACTER SET utf8mb4 COLLATE utf8mb4_general_ci NULL DEFAULT '0' COMMENT '删除标志（0代表存在 1代表删除）',
  PRIMARY KEY (`id`) USING BTREE
) ENGINE = InnoDB AUTO_INCREMENT = 11 CHARACTER SET = utf8mb4 COLLATE = utf8mb4_general_ci COMMENT = '用户信息表' ROW_FORMAT = DYNAMIC;

-- ----------------------------
-- Records of sys_user
-- ----------------------------
INSERT INTO `sys_user` VALUES (1, 'entfrm', '管理员', '00', '$2a$10$N0EAFRVjSYipHK/HDqzuEuVJZBabVTD7Z.NrXrnas984.1wjkaLK.', 1, '重庆总公司', '111@qq.com', NULL, '15611111111', '0', '/profile/avatar/avatar1589722134317.png', '0', '', NULL, 'entfrm', '2020-03-13 20:56:44', '', NULL, '全栈工程师', '0');
INSERT INTO `sys_user` VALUES (2, 'test', '测试01', '00', '$2a$10$Yq7NRB8VO4n1AxcThlwJweM1WE8fwvFRl0krQkNihGxiCRW/Gfp/.', 1, '重庆总公司', '', NULL, '', '0', '', '0', '', NULL, 'entfrm', '2020-03-14 18:14:11', '', NULL, NULL, '1');
INSERT INTO `sys_user` VALUES (7, '小猫', '小猫', '00', '$2a$10$algx6IS1lUK6sQX6OakbVOq7dXrShIr2IMrEh8JguRw7VhDy5FwBS', 1, '', '1827945911@qq.com', NULL, '13272461811', '0', '', '0', '', NULL, 'entfrm', '2021-04-04 17:24:07', '', '2021-04-04 17:24:17', NULL, '0');
INSERT INTO `sys_user` VALUES (8, '小可爱', '小可爱', '00', '$2a$10$/ofeR7BxtYaRkmuU6S4Jq.lJ.lLUTN3UPYULqbhcYiOkcQcUQur3q', 1, '', '1827945911@qq.com', NULL, '13272461811', '0', '', '0', '', NULL, 'entfrm', '2021-04-04 17:25:02', '', NULL, NULL, '0');
INSERT INTO `sys_user` VALUES (9, '小狗', '小狗', '00', '$2a$10$W3qfJHogHT3NHtLbasw6gO9iNADkJWsrbczvgNb8H09rhLXAzGA5i', 1, '', '1827945911@qq.com', NULL, '13272461811', '0', '', '0', '', NULL, 'entfrm', '2021-04-04 17:27:49', '', NULL, NULL, '0');
INSERT INTO `sys_user` VALUES (10, '小猪', '小猪', '00', '$2a$10$iLAi75SNyPu5BPFhHk6Os.QyCdl7EqrOpHIOgPlmr3f89EHFK/pRi', 1, '', '1827945911@qq.com', NULL, '13272461811', '0', '', '0', '', NULL, 'entfrm', '2021-04-04 17:28:34', '', NULL, NULL, '0');

-- ----------------------------
-- Table structure for sys_user_role
-- ----------------------------
DROP TABLE IF EXISTS `sys_user_role`;
CREATE TABLE `sys_user_role`  (
  `user_id` int(11) NULL DEFAULT NULL,
  `role_id` int(11) NULL DEFAULT NULL
) ENGINE = InnoDB CHARACTER SET = utf8mb4 COLLATE = utf8mb4_general_ci ROW_FORMAT = DYNAMIC;

-- ----------------------------
-- Records of sys_user_role
-- ----------------------------
INSERT INTO `sys_user_role` VALUES (1, 1);
INSERT INTO `sys_user_role` VALUES (2, 2);
INSERT INTO `sys_user_role` VALUES (4, 2);
INSERT INTO `sys_user_role` VALUES (3, 2);
INSERT INTO `sys_user_role` VALUES (5, 2);
INSERT INTO `sys_user_role` VALUES (8, 2);
INSERT INTO `sys_user_role` VALUES (9, 2);
INSERT INTO `sys_user_role` VALUES (3, 1);
INSERT INTO `sys_user_role` VALUES (4, 1);
INSERT INTO `sys_user_role` VALUES (5, 1);
INSERT INTO `sys_user_role` VALUES (6, 1);
INSERT INTO `sys_user_role` VALUES (7, 1);
INSERT INTO `sys_user_role` VALUES (8, 1);
INSERT INTO `sys_user_role` VALUES (9, 1);
INSERT INTO `sys_user_role` VALUES (10, 1);

SET FOREIGN_KEY_CHECKS = 1;
